Date,Store,Product,Category,Quantity,Unit,Reason,Value_Lost,Notes
2026-02-06,Store A - Downtown,Oranges,Fresh Produce,5.18,kg,Damaged,11.7,
2026-02-06,Store A - Downtown,Bread,Bakery,2.03,pcs,Expired,4.93,
2026-02-06,Store A - Downtown,Tomatoes,Fresh Produce,7.03,kg,Expired,14.5,
2026-02-07,Store A - Downtown,Carrots,Fresh Produce,2.11,kg,Expired,3.08,
2026-02-07,Store A - Downtown,Salmon,Meat,11.25,kg,Expired,156.94,
2026-02-07,Store A - Downtown,Bananas,Fresh Produce,3.54,kg,Expired,3.73,
2026-02-07,Store A - Downtown,Oranges,Fresh Produce,5.62,kg,Overstock,12.37,
2026-02-07,Store A - Downtown,Apples,Fresh Produce,2.52,kg,Customer Return,6.51,
2026-02-08,Store A - Downtown,Beef,Meat,4.76,kg,Overstock,40.34,
2026-02-08,Store A - Downtown,Carrots,Fresh Produce,2.63,kg,Expired,4.73,
2026-02-09,Store A - Downtown,Carrots,Fresh Produce,1.81,kg,Damaged,3.07,
2026-02-09,Store A - Downtown,Bananas,Fresh Produce,8.66,kg,Expired,10.55,
2026-02-09,Store A - Downtown,Cheese,Dairy,4.83,kg,Customer Return,23.14,
2026-02-10,Store A - Downtown,Salmon,Meat,9.71,kg,Damaged,93.73,
2026-02-10,Store A - Downtown,Oranges,Fresh Produce,4.28,kg,Expired,7.37,
2026-02-10,Store A - Downtown,Apples,Fresh Produce,1.36,kg,Quality Issues,2.97,
2026-02-11,Store A - Downtown,Cheese,Dairy,3.41,kg,Expired,16.68,
2026-02-11,Store A - Downtown,Bananas,Fresh Produce,3.02,kg,Expired,3.06,
2026-02-11,Store A - Downtown,Butter,Dairy,1.9,kg,Expired,5.72,
2026-02-11,Store A - Downtown,Muffins,Bakery,10.6,pcs,Expired,34.42,
2026-02-12,Store A - Downtown,Beef,Meat,0.5,kg,Quality Issues,4.95,
2026-02-12,Store A - Downtown,Cheese,Dairy,0.89,kg,Expired,4.46,
2026-02-12,Store A - Downtown,Yogurt,Dairy,1.25,kg,Damaged,2.53,
2026-02-13,Store A - Downtown,Oranges,Fresh Produce,5.39,kg,Damaged,10.6,
2026-02-13,Store A - Downtown,Chicken,Meat,8.38,kg,Overstock,50.57,
2026-02-13,Store A - Downtown,Salmon,Meat,11.82,kg,Staff Error,129.43,
2026-02-14,Store A - Downtown,Chicken,Meat,11.16,kg,Overstock,67.59,
2026-02-14,Store A - Downtown,Bread,Bakery,8.65,pcs,Expired,25.88,
2026-02-15,Store A - Downtown,Cheese,Dairy,3.9,kg,Expired,17.02,
2026-02-15,Store A - Downtown,Bread,Bakery,3.84,pcs,Customer Return,10.6,
2026-02-15,Store A - Downtown,Beef,Meat,4.14,kg,Damaged,46.93,
2026-02-15,Store A - Downtown,Chicken,Meat,6.84,kg,Expired,45.1,
2026-02-16,Store A - Downtown,Apples,Fresh Produce,4.68,kg,Overstock,13.22,
2026-02-16,Store A - Downtown,Salmon,Meat,11.86,kg,Overstock,128.22,
2026-02-16,Store A - Downtown,Chicken,Meat,2.56,kg,Overstock,21.28,
2026-02-17,Store A - Downtown,Oranges,Fresh Produce,3.67,kg,Expired,6.84,
2026-02-17,Store A - Downtown,Chicken,Meat,7.5,kg,Damaged,48.61,
2026-02-17,Store A - Downtown,Cheese,Dairy,3.86,kg,Overstock,15.44,
2026-02-17,Store A - Downtown,Tomatoes,Fresh Produce,7.14,kg,Overstock,14.65,
2026-02-17,Store A - Downtown,Bananas,Fresh Produce,5.06,kg,Expired,5.94,
2026-02-17,Store A - Downtown,Carrots,Fresh Produce,2.47,kg,Damaged,4.44,
2026-02-18,Store A - Downtown,Oranges,Fresh Produce,4.69,kg,Customer Return,9.42,
2026-02-18,Store A - Downtown,Chicken,Meat,6.69,kg,Staff Error,58.88,
2026-02-18,Store A - Downtown,Milk,Dairy,11.97,kg,Expired,14.39,
2026-02-19,Store A - Downtown,Milk,Dairy,3.73,kg,Quality Issues,4.99,
2026-02-19,Store A - Downtown,Carrots,Fresh Produce,2.55,kg,Expired,3.98,
2026-02-19,Store A - Downtown,Bread,Bakery,7.21,pcs,Expired,19.7,
2026-02-19,Store A - Downtown,Cheese,Dairy,5.15,kg,Damaged,21.17,
2026-02-19,Store A - Downtown,Bananas,Fresh Produce,8.99,kg,Expired,10.73,
2026-02-20,Store A - Downtown,Apples,Fresh Produce,0.78,kg,Damaged,2.04,
2026-02-20,Store A - Downtown,Butter,Dairy,2.03,kg,Expired,6.02,
2026-02-20,Store A - Downtown,Yogurt,Dairy,4.14,kg,Damaged,9.38,
2026-02-20,Store A - Downtown,Cheese,Dairy,1.63,kg,Expired,7.7,
2026-02-21,Store A - Downtown,Muffins,Bakery,2.54,pcs,Expired,8.16,
2026-02-21,Store A - Downtown,Beef,Meat,2.13,kg,Overstock,19.55,
2026-02-22,Store A - Downtown,Lettuce,Fresh Produce,2.95,kg,Expired,4.81,
2026-02-22,Store A - Downtown,Chicken,Meat,8.82,kg,Damaged,75.16,
2026-02-22,Store A - Downtown,Butter,Dairy,2.29,kg,Damaged,7.21,
2026-02-22,Store A - Downtown,Cheese,Dairy,4.86,kg,Customer Return,27.57,
2026-02-22,Store A - Downtown,Salmon,Meat,2.04,kg,Overstock,26.48,
2026-02-22,Store A - Downtown,Tomatoes,Fresh Produce,11.4,kg,Expired,27.95,
2026-02-23,Store A - Downtown,Tomatoes,Fresh Produce,5.32,kg,Quality Issues,9.98,
2026-02-23,Store A - Downtown,Oranges,Fresh Produce,4.01,kg,Other,9.29,
2026-02-23,Store A - Downtown,Yogurt,Dairy,4.19,kg,Quality Issues,7.09,
2026-02-23,Store A - Downtown,Milk,Dairy,6.74,kg,Damaged,11.25,
2026-02-23,Store A - Downtown,Bread,Bakery,4.47,pcs,Expired,13.51,
2026-02-23,Store A - Downtown,Beef,Meat,3.21,kg,Quality Issues,31.86,
2026-02-24,Store A - Downtown,Carrots,Fresh Produce,2.39,kg,Overstock,3.25,
2026-02-24,Store A - Downtown,Beef,Meat,2.2,kg,Customer Return,19.63,
2026-02-25,Store A - Downtown,Butter,Dairy,2.31,kg,Expired,8.39,
2026-02-25,Store A - Downtown,Bread,Bakery,7.42,pcs,Expired,20.7,
2026-02-26,Store A - Downtown,Carrots,Fresh Produce,2.4,kg,Overstock,3.69,
2026-02-26,Store A - Downtown,Oranges,Fresh Produce,5.66,kg,Damaged,10.88,
2026-02-26,Store A - Downtown,Tomatoes,Fresh Produce,10.26,kg,Staff Error,22.38,
2026-02-27,Store A - Downtown,Bananas,Fresh Produce,7.08,kg,Expired,8.94,
2026-02-27,Store A - Downtown,Chicken,Meat,5.58,kg,Quality Issues,33.53,
2026-02-27,Store A - Downtown,Lettuce,Fresh Produce,10.09,kg,Expired,21.5,
2026-02-27,Store A - Downtown,Carrots,Fresh Produce,2.33,kg,Expired,4.16,
2026-02-27,Store A - Downtown,Muffins,Bakery,6.75,pcs,Damaged,23.57,
2026-02-28,Store A - Downtown,Carrots,Fresh Produce,1.12,kg,Expired,1.36,
2026-02-28,Store A - Downtown,Oranges,Fresh Produce,2.4,kg,Overstock,4.43,
2026-02-28,Store A - Downtown,Muffins,Bakery,7.59,pcs,Expired,21.44,
2026-03-01,Store A - Downtown,Muffins,Bakery,7.47,pcs,Customer Return,26.48,
2026-03-01,Store A - Downtown,Chicken,Meat,1.86,kg,Overstock,12.48,
2026-03-01,Store A - Downtown,Beef,Meat,2.75,kg,Overstock,29.83,
2026-03-01,Store A - Downtown,Bananas,Fresh Produce,10.32,kg,Overstock,13.76,
2026-03-02,Store A - Downtown,Bananas,Fresh Produce,7.06,kg,Overstock,7.15,
2026-03-02,Store A - Downtown,Chicken,Meat,6.01,kg,Expired,46.28,
2026-03-02,Store A - Downtown,Tomatoes,Fresh Produce,5.6,kg,Expired,9.88,
2026-03-03,Store A - Downtown,Chicken,Meat,6.88,kg,Overstock,54.68,
2026-03-03,Store A - Downtown,Tomatoes,Fresh Produce,4.95,kg,Expired,12.73,
2026-03-03,Store A - Downtown,Cheese,Dairy,5.74,kg,Damaged,29.63,
2026-03-03,Store A - Downtown,Bread,Bakery,1.8,pcs,Expired,4.19,
2026-03-04,Store A - Downtown,Tomatoes,Fresh Produce,1.59,kg,Expired,3.37,
2026-03-04,Store A - Downtown,Bread,Bakery,7.19,pcs,Overstock,19.79,
2026-03-04,Store A - Downtown,Oranges,Fresh Produce,3.03,kg,Quality Issues,5.55,
2026-03-05,Store A - Downtown,Tomatoes,Fresh Produce,8.74,kg,Damaged,17.5,
2026-03-05,Store A - Downtown,Carrots,Fresh Produce,0.58,kg,Expired,0.99,
2026-03-06,Store A - Downtown,Tomatoes,Fresh Produce,4.26,kg,Damaged,9.0,
2026-03-06,Store A - Downtown,Muffins,Bakery,10.76,pcs,Overstock,37.58,
2026-03-06,Store A - Downtown,Apples,Fresh Produce,5.25,kg,Staff Error,15.65,
2026-03-06,Store A - Downtown,Chicken,Meat,4.77,kg,Expired,30.98,
2026-03-07,Store A - Downtown,Milk,Dairy,10.12,kg,Quality Issues,15.96,
2026-03-07,Store A - Downtown,Beef,Meat,2.9,kg,Expired,29.06,
2026-03-07,Store A - Downtown,Oranges,Fresh Produce,1.38,kg,Overstock,2.55,
2026-03-08,Store A - Downtown,Cheese,Dairy,0.53,kg,Customer Return,2.12,
2026-03-08,Store A - Downtown,Yogurt,Dairy,1.69,kg,Other,3.69,
2026-03-08,Store A - Downtown,Beef,Meat,4.04,kg,Overstock,38.92,
2026-03-08,Store A - Downtown,Bread,Bakery,9.73,pcs,Expired,30.45,
2026-03-08,Store A - Downtown,Lettuce,Fresh Produce,11.37,kg,Customer Return,22.43,
2026-03-09,Store A - Downtown,Tomatoes,Fresh Produce,10.59,kg,Overstock,22.69,
2026-03-09,Store A - Downtown,Chicken,Meat,9.74,kg,Expired,82.2,
2026-03-09,Store A - Downtown,Beef,Meat,4.96,kg,Expired,40.43,
2026-03-10,Store A - Downtown,Butter,Dairy,2.39,kg,Overstock,9.53,
2026-03-10,Store A - Downtown,Tomatoes,Fresh Produce,11.61,kg,Overstock,22.8,
2026-03-10,Store A - Downtown,Lettuce,Fresh Produce,2.47,kg,Customer Return,3.99,
2026-03-10,Store A - Downtown,Apples,Fresh Produce,5.41,kg,Customer Return,14.22,
2026-03-10,Store A - Downtown,Cheese,Dairy,3.82,kg,Staff Error,21.06,
2026-03-10,Store A - Downtown,Chicken,Meat,8.67,kg,Damaged,64.61,
2026-03-11,Store A - Downtown,Cheese,Dairy,4.01,kg,Quality Issues,16.34,
2026-03-11,Store A - Downtown,Muffins,Bakery,10.45,pcs,Damaged,34.32,
2026-03-12,Store A - Downtown,Apples,Fresh Produce,4.13,kg,Damaged,9.51,
2026-03-12,Store A - Downtown,Muffins,Bakery,4.77,pcs,Expired,12.2,
2026-03-13,Store A - Downtown,Yogurt,Dairy,2.81,kg,Expired,6.41,
2026-03-13,Store A - Downtown,Oranges,Fresh Produce,2.84,kg,Overstock,6.66,
2026-03-13,Store A - Downtown,Cheese,Dairy,4.72,kg,Damaged,24.03,
2026-03-13,Store A - Downtown,Lettuce,Fresh Produce,10.42,kg,Quality Issues,16.35,
2026-03-14,Store A - Downtown,Beef,Meat,4.92,kg,Expired,47.93,
2026-03-14,Store A - Downtown,Bread,Bakery,6.94,pcs,Expired,20.83,
2026-03-15,Store A - Downtown,Muffins,Bakery,5.04,pcs,Customer Return,17.33,
2026-03-15,Store A - Downtown,Yogurt,Dairy,4.97,kg,Customer Return,11.74,
2026-03-16,Store A - Downtown,Cheese,Dairy,4.9,kg,Overstock,23.33,
2026-03-16,Store A - Downtown,Yogurt,Dairy,5.87,kg,Expired,13.65,
2026-03-17,Store A - Downtown,Chicken,Meat,8.25,kg,Overstock,54.92,
2026-03-17,Store A - Downtown,Apples,Fresh Produce,1.68,kg,Expired,3.62,
2026-03-17,Store A - Downtown,Tomatoes,Fresh Produce,5.03,kg,Damaged,9.43,
2026-03-17,Store A - Downtown,Salmon,Meat,7.35,kg,Expired,79.52,
2026-03-18,Store A - Downtown,Muffins,Bakery,2.07,pcs,Overstock,5.41,
2026-03-18,Store A - Downtown,Lettuce,Fresh Produce,7.48,kg,Customer Return,12.82,
2026-03-18,Store A - Downtown,Salmon,Meat,11.25,kg,Overstock,124.25,
2026-03-19,Store A - Downtown,Bananas,Fresh Produce,6.31,kg,Expired,6.37,
2026-03-19,Store A - Downtown,Salmon,Meat,11.65,kg,Expired,165.89,
2026-03-20,Store A - Downtown,Bananas,Fresh Produce,5.53,kg,Quality Issues,6.46,
2026-03-20,Store A - Downtown,Bread,Bakery,2.28,pcs,Expired,7.3,
2026-03-21,Store A - Downtown,Chicken,Meat,2.36,kg,Other,20.25,
2026-03-21,Store A - Downtown,Yogurt,Dairy,2.25,kg,Customer Return,4.83,
2026-03-21,Store A - Downtown,Apples,Fresh Produce,4.16,kg,Expired,12.09,
2026-03-21,Store A - Downtown,Tomatoes,Fresh Produce,6.23,kg,Quality Issues,12.61,
2026-03-21,Store A - Downtown,Muffins,Bakery,4.73,pcs,Staff Error,14.17,
2026-03-22,Store A - Downtown,Salmon,Meat,10.73,kg,Customer Return,106.76,
2026-03-22,Store A - Downtown,Apples,Fresh Produce,3.7,kg,Other,10.84,
2026-03-22,Store A - Downtown,Butter,Dairy,1.67,kg,Overstock,6.09,
2026-03-23,Store A - Downtown,Lettuce,Fresh Produce,4.0,kg,Expired,5.78,
2026-03-23,Store A - Downtown,Salmon,Meat,3.13,kg,Other,36.57,
2026-03-23,Store A - Downtown,Bananas,Fresh Produce,3.55,kg,Staff Error,3.45,
2026-03-23,Store A - Downtown,Oranges,Fresh Produce,3.16,kg,Quality Issues,7.01,
2026-03-23,Store A - Downtown,Milk,Dairy,3.49,kg,Overstock,5.49,
2026-03-23,Store A - Downtown,Chicken,Meat,8.59,kg,Expired,72.43,
2026-03-24,Store A - Downtown,Chicken,Meat,11.37,kg,Customer Return,94.91,
2026-03-24,Store A - Downtown,Bananas,Fresh Produce,4.54,kg,Expired,5.61,
2026-03-25,Store A - Downtown,Muffins,Bakery,7.76,pcs,Damaged,23.91,
2026-03-25,Store A - Downtown,Milk,Dairy,2.37,kg,Quality Issues,2.93,
2026-03-25,Store A - Downtown,Beef,Meat,3.68,kg,Expired,32.5,
2026-03-25,Store A - Downtown,Oranges,Fresh Produce,1.78,kg,Expired,4.12,
2026-03-25,Store A - Downtown,Apples,Fresh Produce,4.92,kg,Expired,10.12,
2026-03-25,Store A - Downtown,Lettuce,Fresh Produce,9.72,kg,Expired,17.28,
2026-03-26,Store A - Downtown,Bananas,Fresh Produce,11.98,kg,Expired,17.0,
2026-03-26,Store A - Downtown,Milk,Dairy,10.59,kg,Other,17.58,
2026-03-27,Store A - Downtown,Bananas,Fresh Produce,2.13,kg,Expired,2.27,
2026-03-27,Store A - Downtown,Salmon,Meat,5.75,kg,Expired,62.79,
2026-03-27,Store A - Downtown,Butter,Dairy,1.03,kg,Overstock,3.08,
2026-03-27,Store A - Downtown,Chicken,Meat,4.03,kg,Expired,29.61,
2026-03-27,Store A - Downtown,Lettuce,Fresh Produce,1.9,kg,Other,3.15,
2026-03-27,Store A - Downtown,Beef,Meat,2.08,kg,Overstock,23.75,
2026-03-28,Store A - Downtown,Cheese,Dairy,3.16,kg,Damaged,18.86,
2026-03-28,Store A - Downtown,Chicken,Meat,11.96,kg,Overstock,74.2,
2026-03-28,Store A - Downtown,Tomatoes,Fresh Produce,7.45,kg,Staff Error,19.18,
2026-03-29,Store A - Downtown,Muffins,Bakery,6.65,pcs,Expired,18.55,
2026-03-29,Store A - Downtown,Butter,Dairy,0.97,kg,Customer Return,3.27,
2026-03-29,Store A - Downtown,Beef,Meat,1.84,kg,Overstock,19.4,
2026-03-29,Store A - Downtown,Lettuce,Fresh Produce,9.01,kg,Quality Issues,13.63,
2026-03-30,Store A - Downtown,Apples,Fresh Produce,2.32,kg,Quality Issues,6.33,
2026-03-30,Store A - Downtown,Bananas,Fresh Produce,11.77,kg,Damaged,12.24,
2026-03-30,Store A - Downtown,Salmon,Meat,9.53,kg,Quality Issues,123.84,
2026-03-30,Store A - Downtown,Butter,Dairy,2.62,kg,Damaged,9.87,
2026-03-31,Store A - Downtown,Yogurt,Dairy,1.35,kg,Expired,2.89,
2026-03-31,Store A - Downtown,Muffins,Bakery,10.69,pcs,Expired,31.16,
2026-03-31,Store A - Downtown,Tomatoes,Fresh Produce,1.54,kg,Damaged,3.09,
2026-04-01,Store A - Downtown,Yogurt,Dairy,1.34,kg,Expired,2.27,
2026-04-01,Store A - Downtown,Lettuce,Fresh Produce,6.13,kg,Customer Return,10.95,
2026-04-01,Store A - Downtown,Chicken,Meat,6.29,kg,Expired,43.59,
2026-04-01,Store A - Downtown,Carrots,Fresh Produce,2.82,kg,Expired,4.62,
2026-04-01,Store A - Downtown,Butter,Dairy,0.32,kg,Expired,1.04,
2026-04-02,Store A - Downtown,Muffins,Bakery,7.93,pcs,Overstock,24.95,
2026-04-02,Store A - Downtown,Oranges,Fresh Produce,2.07,kg,Expired,4.78,
2026-04-02,Store A - Downtown,Salmon,Meat,7.48,kg,Expired,86.65,
2026-04-02,Store A - Downtown,Tomatoes,Fresh Produce,2.2,kg,Damaged,4.69,
2026-04-03,Store A - Downtown,Tomatoes,Fresh Produce,9.59,kg,Expired,22.52,
2026-04-03,Store A - Downtown,Bread,Bakery,1.55,pcs,Expired,4.56,
2026-04-03,Store A - Downtown,Beef,Meat,1.56,kg,Overstock,16.45,
2026-04-03,Store A - Downtown,Cheese,Dairy,0.85,kg,Damaged,4.44,
2026-04-03,Store A - Downtown,Bananas,Fresh Produce,8.99,kg,Quality Issues,10.06,
2026-04-03,Store A - Downtown,Carrots,Fresh Produce,2.54,kg,Damaged,3.06,
2026-04-04,Store A - Downtown,Tomatoes,Fresh Produce,2.81,kg,Expired,6.99,
2026-04-04,Store A - Downtown,Beef,Meat,5.53,kg,Staff Error,50.94,
2026-04-05,Store A - Downtown,Cheese,Dairy,4.13,kg,Expired,16.72,
2026-04-05,Store A - Downtown,Beef,Meat,4.55,kg,Overstock,40.39,
2026-04-05,Store A - Downtown,Butter,Dairy,1.08,kg,Staff Error,3.98,
2026-04-05,Store A - Downtown,Milk,Dairy,7.75,kg,Overstock,13.74,
2026-04-05,Store A - Downtown,Chicken,Meat,5.07,kg,Expired,36.15,
2026-04-05,Store A - Downtown,Bread,Bakery,9.91,pcs,Expired,24.49,
2026-04-06,Store A - Downtown,Yogurt,Dairy,2.02,kg,Quality Issues,3.28,
2026-04-06,Store A - Downtown,Lettuce,Fresh Produce,9.26,kg,Expired,19.35,
2026-04-06,Store A - Downtown,Apples,Fresh Produce,2.78,kg,Overstock,5.9,
2026-04-06,Store A - Downtown,Beef,Meat,1.9,kg,Overstock,19.38,
2026-04-07,Store A - Downtown,Muffins,Bakery,5.96,pcs,Customer Return,16.97,
2026-04-07,Store A - Downtown,Salmon,Meat,4.95,kg,Quality Issues,47.79,
2026-04-07,Store A - Downtown,Bread,Bakery,3.31,pcs,Expired,9.31,
2026-04-07,Store A - Downtown,Chicken,Meat,8.09,kg,Expired,52.46,
2026-04-08,Store A - Downtown,Tomatoes,Fresh Produce,4.61,kg,Expired,8.44,
2026-04-08,Store A - Downtown,Carrots,Fresh Produce,1.18,kg,Damaged,2.06,
2026-04-08,Store A - Downtown,Bananas,Fresh Produce,9.3,kg,Damaged,9.53,
2026-04-08,Store A - Downtown,Cheese,Dairy,4.11,kg,Staff Error,17.08,
2026-04-08,Store A - Downtown,Muffins,Bakery,10.41,pcs,Expired,33.74,
2026-04-08,Store A - Downtown,Milk,Dairy,3.43,kg,Overstock,4.61,
2026-04-09,Store A - Downtown,Bread,Bakery,8.67,pcs,Expired,26.25,
2026-04-09,Store A - Downtown,Cheese,Dairy,1.35,kg,Overstock,5.73,
2026-04-09,Store A - Downtown,Chicken,Meat,6.53,kg,Damaged,58.13,
2026-04-10,Store A - Downtown,Salmon,Meat,9.65,kg,Staff Error,135.46,
2026-04-10,Store A - Downtown,Bread,Bakery,3.29,pcs,Expired,10.42,
2026-04-10,Store A - Downtown,Yogurt,Dairy,2.09,kg,Overstock,4.98,
2026-04-10,Store A - Downtown,Muffins,Bakery,3.46,pcs,Damaged,11.91,
2026-04-10,Store A - Downtown,Bananas,Fresh Produce,8.32,kg,Staff Error,10.51,
2026-04-10,Store A - Downtown,Beef,Meat,2.17,kg,Quality Issues,23.95,
2026-04-11,Store A - Downtown,Bread,Bakery,11.76,pcs,Damaged,38.92,
2026-04-11,Store A - Downtown,Salmon,Meat,5.24,kg,Quality Issues,66.27,
2026-04-11,Store A - Downtown,Cheese,Dairy,4.44,kg,Overstock,23.41,
2026-04-11,Store A - Downtown,Chicken,Meat,10.45,kg,Damaged,89.32,
2026-04-11,Store A - Downtown,Carrots,Fresh Produce,0.71,kg,Expired,1.16,
2026-04-11,Store A - Downtown,Tomatoes,Fresh Produce,9.38,kg,Customer Return,18.78,
2026-04-12,Store A - Downtown,Apples,Fresh Produce,5.84,kg,Customer Return,14.54,
2026-04-12,Store A - Downtown,Chicken,Meat,10.57,kg,Expired,92.63,
2026-04-12,Store A - Downtown,Tomatoes,Fresh Produce,7.45,kg,Damaged,16.93,
2026-04-13,Store A - Downtown,Cheese,Dairy,1.06,kg,Quality Issues,6.26,
2026-04-13,Store A - Downtown,Oranges,Fresh Produce,4.0,kg,Expired,8.46,
2026-04-14,Store A - Downtown,Butter,Dairy,0.47,kg,Expired,1.74,
2026-04-14,Store A - Downtown,Tomatoes,Fresh Produce,4.54,kg,Expired,10.17,
2026-04-14,Store A - Downtown,Bananas,Fresh Produce,9.41,kg,Quality Issues,11.17,
2026-04-14,Store A - Downtown,Apples,Fresh Produce,4.41,kg,Quality Issues,11.79,
2026-04-14,Store A - Downtown,Beef,Meat,3.4,kg,Expired,31.14,
2026-04-15,Store A - Downtown,Tomatoes,Fresh Produce,8.0,kg,Expired,20.84,
2026-04-15,Store A - Downtown,Butter,Dairy,1.14,kg,Expired,3.88,
2026-04-15,Store A - Downtown,Cheese,Dairy,1.82,kg,Quality Issues,8.08,
2026-04-15,Store A - Downtown,Milk,Dairy,10.11,kg,Expired,17.77,
2026-04-15,Store A - Downtown,Bread,Bakery,1.94,pcs,Staff Error,4.51,
2026-04-15,Store A - Downtown,Oranges,Fresh Produce,5.3,kg,Quality Issues,11.0,
2026-04-16,Store A - Downtown,Apples,Fresh Produce,3.9,kg,Overstock,10.26,
2026-04-16,Store A - Downtown,Tomatoes,Fresh Produce,11.67,kg,Other,25.88,
2026-04-17,Store A - Downtown,Muffins,Bakery,9.06,pcs,Other,26.48,
2026-04-17,Store A - Downtown,Bananas,Fresh Produce,2.53,kg,Damaged,2.9,
2026-04-18,Store A - Downtown,Cheese,Dairy,2.35,kg,Expired,12.47,
2026-04-18,Store A - Downtown,Salmon,Meat,8.56,kg,Expired,95.96,
2026-04-18,Store A - Downtown,Oranges,Fresh Produce,5.47,kg,Quality Issues,11.26,
2026-04-19,Store A - Downtown,Yogurt,Dairy,4.47,kg,Staff Error,7.41,
2026-04-19,Store A - Downtown,Bananas,Fresh Produce,3.73,kg,Expired,5.13,
2026-04-20,Store A - Downtown,Apples,Fresh Produce,4.06,kg,Overstock,8.14,
2026-04-20,Store A - Downtown,Chicken,Meat,8.73,kg,Expired,75.99,
2026-04-20,Store A - Downtown,Lettuce,Fresh Produce,10.3,kg,Customer Return,20.45,
2026-04-20,Store A - Downtown,Muffins,Bakery,3.23,pcs,Damaged,10.5,
2026-04-20,Store A - Downtown,Butter,Dairy,1.11,kg,Overstock,3.63,
2026-04-21,Store A - Downtown,Oranges,Fresh Produce,4.78,kg,Overstock,9.85,
2026-04-21,Store A - Downtown,Bananas,Fresh Produce,6.07,kg,Damaged,5.98,
2026-04-21,Store A - Downtown,Chicken,Meat,8.5,kg,Expired,72.93,
2026-04-21,Store A - Downtown,Bread,Bakery,10.03,pcs,Damaged,31.98,
2026-04-21,Store A - Downtown,Yogurt,Dairy,4.19,kg,Expired,9.19,
2026-04-21,Store A - Downtown,Beef,Meat,5.98,kg,Expired,53.7,
2026-04-22,Store A - Downtown,Butter,Dairy,0.4,kg,Damaged,1.6,
2026-04-22,Store A - Downtown,Carrots,Fresh Produce,1.22,kg,Damaged,1.48,
2026-04-22,Store A - Downtown,Bread,Bakery,3.85,pcs,Damaged,10.34,
2026-04-22,Store A - Downtown,Cheese,Dairy,4.43,kg,Overstock,25.52,
2026-04-22,Store A - Downtown,Yogurt,Dairy,5.2,kg,Expired,8.39,
2026-04-23,Store A - Downtown,Oranges,Fresh Produce,1.37,kg,Overstock,2.5,
2026-04-23,Store A - Downtown,Milk,Dairy,3.36,kg,Damaged,5.54,
2026-04-23,Store A - Downtown,Carrots,Fresh Produce,0.95,kg,Overstock,1.4,
2026-04-24,Store A - Downtown,Salmon,Meat,4.99,kg,Customer Return,50.35,
2026-04-24,Store A - Downtown,Cheese,Dairy,5.77,kg,Expired,27.26,
2026-04-24,Store A - Downtown,Muffins,Bakery,7.87,pcs,Quality Issues,20.24,
2026-04-25,Store A - Downtown,Lettuce,Fresh Produce,2.31,kg,Quality Issues,3.39,
2026-04-25,Store A - Downtown,Carrots,Fresh Produce,2.72,kg,Other,4.35,
2026-04-25,Store A - Downtown,Bananas,Fresh Produce,11.83,kg,Quality Issues,11.61,
2026-04-25,Store A - Downtown,Beef,Meat,0.52,kg,Expired,5.1,
2026-04-25,Store A - Downtown,Milk,Dairy,8.05,kg,Damaged,12.93,
2026-04-26,Store A - Downtown,Carrots,Fresh Produce,1.11,kg,Expired,1.99,
2026-04-26,Store A - Downtown,Milk,Dairy,3.92,kg,Overstock,4.8,
2026-04-26,Store A - Downtown,Tomatoes,Fresh Produce,2.2,kg,Overstock,5.1,
2026-04-26,Store A - Downtown,Oranges,Fresh Produce,4.24,kg,Expired,10.12,
2026-04-26,Store A - Downtown,Apples,Fresh Produce,3.57,kg,Staff Error,7.73,
2026-04-27,Store A - Downtown,Muffins,Bakery,9.35,pcs,Damaged,22.62,
2026-04-27,Store A - Downtown,Carrots,Fresh Produce,0.69,kg,Expired,1.18,
2026-04-27,Store A - Downtown,Cheese,Dairy,2.09,kg,Expired,9.84,
2026-04-28,Store A - Downtown,Carrots,Fresh Produce,2.81,kg,Overstock,4.33,
2026-04-28,Store A - Downtown,Muffins,Bakery,6.49,pcs,Overstock,20.92,
2026-04-28,Store A - Downtown,Bananas,Fresh Produce,1.61,kg,Customer Return,1.83,
2026-04-29,Store A - Downtown,Oranges,Fresh Produce,2.56,kg,Expired,4.95,
2026-04-29,Store A - Downtown,Muffins,Bakery,3.07,pcs,Customer Return,8.6,
2026-04-29,Store A - Downtown,Milk,Dairy,11.59,kg,Overstock,19.17,
2026-04-29,Store A - Downtown,Cheese,Dairy,5.71,kg,Expired,29.32,
2026-04-30,Store A - Downtown,Apples,Fresh Produce,5.07,kg,Expired,13.94,
2026-04-30,Store A - Downtown,Yogurt,Dairy,1.73,kg,Expired,2.84,
2026-04-30,Store A - Downtown,Bananas,Fresh Produce,7.65,kg,Damaged,8.34,
2026-04-30,Store A - Downtown,Chicken,Meat,1.57,kg,Overstock,13.27,
2026-05-01,Store A - Downtown,Butter,Dairy,1.54,kg,Damaged,6.17,
2026-05-01,Store A - Downtown,Bread,Bakery,10.38,pcs,Overstock,32.89,
2026-05-01,Store A - Downtown,Carrots,Fresh Produce,0.55,kg,Quality Issues,0.77,
2026-05-01,Store A - Downtown,Apples,Fresh Produce,5.27,kg,Damaged,10.83,
2026-05-01,Store A - Downtown,Milk,Dairy,5.85,kg,Quality Issues,8.78,
2026-05-01,Store A - Downtown,Beef,Meat,4.7,kg,Expired,40.93,
2026-05-02,Store A - Downtown,Yogurt,Dairy,4.13,kg,Damaged,8.4,
2026-05-02,Store A - Downtown,Salmon,Meat,11.08,kg,Overstock,149.08,
2026-05-02,Store A - Downtown,Beef,Meat,2.16,kg,Quality Issues,18.48,
2026-05-02,Store A - Downtown,Cheese,Dairy,4.62,kg,Customer Return,26.8,
2026-05-03,Store A - Downtown,Milk,Dairy,6.52,kg,Overstock,9.72,
2026-05-03,Store A - Downtown,Bananas,Fresh Produce,5.07,kg,Overstock,6.48,
2026-05-03,Store A - Downtown,Salmon,Meat,7.62,kg,Damaged,98.97,
2026-05-04,Store A - Downtown,Cheese,Dairy,1.27,kg,Customer Return,7.27,
2026-05-04,Store A - Downtown,Milk,Dairy,7.99,kg,Quality Issues,14.23,
2026-05-04,Store A - Downtown,Apples,Fresh Produce,3.63,kg,Expired,9.58,
2026-05-04,Store A - Downtown,Salmon,Meat,11.1,kg,Overstock,107.96,
2026-05-04,Store A - Downtown,Beef,Meat,5.54,kg,Quality Issues,53.22,
2026-05-05,Store A - Downtown,Butter,Dairy,1.28,kg,Customer Return,5.16,
2026-05-05,Store A - Downtown,Carrots,Fresh Produce,2.52,kg,Quality Issues,4.22,
2026-05-05,Store A - Downtown,Beef,Meat,2.13,kg,Damaged,18.02,
2026-05-05,Store A - Downtown,Bread,Bakery,10.22,pcs,Overstock,29.91,
2026-05-05,Store A - Downtown,Tomatoes,Fresh Produce,4.08,kg,Overstock,8.81,
2026-05-05,Store A - Downtown,Muffins,Bakery,11.95,pcs,Customer Return,36.22,
2026-05-06,Store A - Downtown,Chicken,Meat,3.61,kg,Damaged,22.34,
2026-05-06,Store A - Downtown,Butter,Dairy,1.39,kg,Damaged,5.69,
2026-05-06,Store A - Downtown,Muffins,Bakery,4.81,pcs,Expired,11.59,
2026-05-06,Store A - Downtown,Bananas,Fresh Produce,2.78,kg,Quality Issues,3.26,
2026-05-06,Store A - Downtown,Beef,Meat,1.59,kg,Staff Error,17.73,
2026-05-06,Store A - Downtown,Salmon,Meat,2.7,kg,Expired,36.93,
2026-02-06,Store B - Mall,Carrots,Fresh Produce,2.3,kg,Overstock,2.76,
2026-02-06,Store B - Mall,Salmon,Meat,3.62,kg,Quality Issues,36.94,
2026-02-06,Store B - Mall,Bananas,Fresh Produce,4.93,kg,Expired,5.0,
2026-02-06,Store B - Mall,Cheese,Dairy,5.1,kg,Expired,25.87,
2026-02-06,Store B - Mall,Yogurt,Dairy,4.31,kg,Expired,9.08,
2026-02-06,Store B - Mall,Butter,Dairy,1.14,kg,Quality Issues,4.47,
2026-02-07,Store B - Mall,Carrots,Fresh Produce,0.39,kg,Expired,0.54,
2026-02-07,Store B - Mall,Chicken,Meat,11.24,kg,Other,72.28,
2026-02-07,Store B - Mall,Muffins,Bakery,11.4,pcs,Overstock,34.18,
2026-02-07,Store B - Mall,Yogurt,Dairy,5.75,kg,Overstock,11.93,
2026-02-07,Store B - Mall,Milk,Dairy,3.7,kg,Expired,6.46,
2026-02-07,Store B - Mall,Salmon,Meat,3.76,kg,Expired,40.9,
2026-02-08,Store B - Mall,Cheese,Dairy,3.77,kg,Damaged,16.29,
2026-02-08,Store B - Mall,Chicken,Meat,4.35,kg,Customer Return,36.28,
2026-02-08,Store B - Mall,Milk,Dairy,6.2,kg,Customer Return,10.49,
2026-02-08,Store B - Mall,Yogurt,Dairy,1.12,kg,Overstock,2.51,
2026-02-08,Store B - Mall,Muffins,Bakery,9.99,pcs,Expired,26.67,
2026-02-09,Store B - Mall,Bananas,Fresh Produce,3.13,kg,Overstock,3.1,
2026-02-09,Store B - Mall,Tomatoes,Fresh Produce,5.52,kg,Quality Issues,14.04,
2026-02-09,Store B - Mall,Butter,Dairy,0.89,kg,Customer Return,3.6,
2026-02-09,Store B - Mall,Salmon,Meat,7.87,kg,Other,84.85,
2026-02-09,Store B - Mall,Milk,Dairy,2.22,kg,Quality Issues,3.32,
2026-02-10,Store B - Mall,Salmon,Meat,2.45,kg,Expired,34.93,
2026-02-10,Store B - Mall,Apples,Fresh Produce,2.05,kg,Quality Issues,4.14,
2026-02-10,Store B - Mall,Milk,Dairy,4.88,kg,Customer Return,6.4,
2026-02-11,Store B - Mall,Chicken,Meat,11.64,kg,Damaged,92.81,
2026-02-11,Store B - Mall,Carrots,Fresh Produce,0.56,kg,Expired,0.83,
2026-02-11,Store B - Mall,Milk,Dairy,8.59,kg,Expired,14.87,
2026-02-11,Store B - Mall,Tomatoes,Fresh Produce,9.7,kg,Overstock,20.99,
2026-02-12,Store B - Mall,Muffins,Bakery,6.64,pcs,Staff Error,23.55,
2026-02-12,Store B - Mall,Oranges,Fresh Produce,0.67,kg,Damaged,1.35,
2026-02-12,Store B - Mall,Salmon,Meat,7.17,kg,Quality Issues,73.69,
2026-02-12,Store B - Mall,Chicken,Meat,8.04,kg,Staff Error,72.28,
2026-02-13,Store B - Mall,Chicken,Meat,7.87,kg,Expired,52.85,
2026-02-13,Store B - Mall,Bananas,Fresh Produce,4.66,kg,Customer Return,5.78,
2026-02-13,Store B - Mall,Lettuce,Fresh Produce,8.94,kg,Overstock,15.4,
2026-02-13,Store B - Mall,Salmon,Meat,1.65,kg,Expired,19.47,
2026-02-13,Store B - Mall,Apples,Fresh Produce,5.68,kg,Expired,15.33,
2026-02-14,Store B - Mall,Carrots,Fresh Produce,1.02,kg,Staff Error,1.6,
2026-02-14,Store B - Mall,Apples,Fresh Produce,3.3,kg,Quality Issues,7.39,
2026-02-15,Store B - Mall,Carrots,Fresh Produce,1.03,kg,Customer Return,1.62,
2026-02-15,Store B - Mall,Butter,Dairy,2.69,kg,Damaged,9.43,
2026-02-15,Store B - Mall,Lettuce,Fresh Produce,10.56,kg,Quality Issues,18.08,
2026-02-15,Store B - Mall,Chicken,Meat,1.74,kg,Customer Return,14.54,
2026-02-15,Store B - Mall,Beef,Meat,2.97,kg,Damaged,26.19,
2026-02-15,Store B - Mall,Muffins,Bakery,5.83,pcs,Expired,15.47,
2026-02-16,Store B - Mall,Tomatoes,Fresh Produce,10.05,kg,Damaged,18.31,
2026-02-16,Store B - Mall,Carrots,Fresh Produce,1.21,kg,Expired,1.96,
2026-02-17,Store B - Mall,Oranges,Fresh Produce,4.43,kg,Damaged,7.34,
2026-02-17,Store B - Mall,Carrots,Fresh Produce,2.18,kg,Overstock,2.91,
2026-02-17,Store B - Mall,Lettuce,Fresh Produce,11.52,kg,Expired,22.69,
2026-02-17,Store B - Mall,Bananas,Fresh Produce,11.67,kg,Expired,16.31,
2026-02-17,Store B - Mall,Bread,Bakery,10.18,pcs,Quality Issues,33.68,
2026-02-17,Store B - Mall,Beef,Meat,4.1,kg,Damaged,43.88,
2026-02-18,Store B - Mall,Bananas,Fresh Produce,11.74,kg,Expired,14.49,
2026-02-18,Store B - Mall,Chicken,Meat,7.55,kg,Expired,58.47,
2026-02-18,Store B - Mall,Milk,Dairy,5.31,kg,Staff Error,7.19,
2026-02-18,Store B - Mall,Bread,Bakery,10.27,pcs,Customer Return,31.47,
2026-02-18,Store B - Mall,Butter,Dairy,0.8,kg,Expired,3.33,
2026-02-18,Store B - Mall,Tomatoes,Fresh Produce,2.3,kg,Expired,6.03,
2026-02-19,Store B - Mall,Chicken,Meat,10.33,kg,Expired,67.95,
2026-02-19,Store B - Mall,Oranges,Fresh Produce,0.56,kg,Overstock,1.03,
2026-02-19,Store B - Mall,Muffins,Bakery,10.57,pcs,Expired,27.29,
2026-02-19,Store B - Mall,Bread,Bakery,11.58,pcs,Staff Error,34.82,
2026-02-20,Store B - Mall,Carrots,Fresh Produce,2.42,kg,Quality Issues,2.91,
2026-02-20,Store B - Mall,Beef,Meat,2.64,kg,Other,27.34,
2026-02-20,Store B - Mall,Lettuce,Fresh Produce,4.61,kg,Damaged,7.71,
2026-02-20,Store B - Mall,Oranges,Fresh Produce,2.96,kg,Damaged,5.94,
2026-02-20,Store B - Mall,Yogurt,Dairy,3.05,kg,Damaged,4.95,
2026-02-21,Store B - Mall,Cheese,Dairy,4.85,kg,Expired,24.2,
2026-02-21,Store B - Mall,Butter,Dairy,1.89,kg,Damaged,7.14,
2026-02-21,Store B - Mall,Apples,Fresh Produce,5.98,kg,Expired,15.04,
2026-02-22,Store B - Mall,Muffins,Bakery,8.46,pcs,Expired,30.34,
2026-02-22,Store B - Mall,Butter,Dairy,2.52,kg,Damaged,10.55,
2026-02-22,Store B - Mall,Yogurt,Dairy,5.07,kg,Expired,10.51,
2026-02-22,Store B - Mall,Cheese,Dairy,3.69,kg,Overstock,21.7,
2026-02-22,Store B - Mall,Lettuce,Fresh Produce,6.67,kg,Expired,11.91,
2026-02-22,Store B - Mall,Salmon,Meat,9.77,kg,Damaged,95.06,
2026-02-23,Store B - Mall,Cheese,Dairy,1.28,kg,Expired,6.91,
2026-02-23,Store B - Mall,Oranges,Fresh Produce,1.37,kg,Expired,2.84,
2026-02-23,Store B - Mall,Bananas,Fresh Produce,1.96,kg,Expired,2.29,
2026-02-23,Store B - Mall,Tomatoes,Fresh Produce,5.33,kg,Damaged,14.04,
2026-02-23,Store B - Mall,Carrots,Fresh Produce,1.42,kg,Overstock,2.49,
2026-02-23,Store B - Mall,Beef,Meat,3.16,kg,Quality Issues,32.21,
2026-02-24,Store B - Mall,Beef,Meat,0.5,kg,Customer Return,5.0,
2026-02-24,Store B - Mall,Yogurt,Dairy,3.84,kg,Damaged,6.95,
2026-02-25,Store B - Mall,Salmon,Meat,5.03,kg,Expired,60.31,
2026-02-25,Store B - Mall,Carrots,Fresh Produce,2.82,kg,Customer Return,4.22,
2026-02-25,Store B - Mall,Beef,Meat,2.42,kg,Overstock,25.29,
2026-02-25,Store B - Mall,Bread,Bakery,8.68,pcs,Damaged,19.7,
2026-02-25,Store B - Mall,Apples,Fresh Produce,0.92,kg,Other,2.53,
2026-02-25,Store B - Mall,Yogurt,Dairy,5.72,kg,Expired,11.6,
2026-02-26,Store B - Mall,Butter,Dairy,2.14,kg,Expired,6.31,
2026-02-26,Store B - Mall,Milk,Dairy,3.13,kg,Damaged,5.34,
2026-02-26,Store B - Mall,Bananas,Fresh Produce,11.99,kg,Overstock,14.58,
2026-02-27,Store B - Mall,Tomatoes,Fresh Produce,3.62,kg,Damaged,9.37,
2026-02-27,Store B - Mall,Salmon,Meat,8.2,kg,Damaged,97.94,
2026-02-27,Store B - Mall,Chicken,Meat,9.69,kg,Expired,60.89,
2026-02-27,Store B - Mall,Muffins,Bakery,8.61,pcs,Expired,24.03,
2026-02-27,Store B - Mall,Apples,Fresh Produce,3.0,kg,Expired,8.77,
2026-02-27,Store B - Mall,Carrots,Fresh Produce,2.57,kg,Other,4.57,
2026-02-28,Store B - Mall,Chicken,Meat,1.61,kg,Damaged,12.89,
2026-02-28,Store B - Mall,Milk,Dairy,11.1,kg,Overstock,17.3,
2026-02-28,Store B - Mall,Oranges,Fresh Produce,2.15,kg,Overstock,4.73,
2026-02-28,Store B - Mall,Tomatoes,Fresh Produce,6.91,kg,Quality Issues,12.58,
2026-02-28,Store B - Mall,Cheese,Dairy,2.34,kg,Staff Error,10.87,
2026-03-01,Store B - Mall,Beef,Meat,5.65,kg,Expired,51.97,
2026-03-01,Store B - Mall,Butter,Dairy,2.61,kg,Overstock,9.29,
2026-03-02,Store B - Mall,Milk,Dairy,11.71,kg,Damaged,18.34,
2026-03-02,Store B - Mall,Muffins,Bakery,8.39,pcs,Quality Issues,26.77,
2026-03-02,Store B - Mall,Bananas,Fresh Produce,2.7,kg,Staff Error,3.45,
2026-03-02,Store B - Mall,Cheese,Dairy,5.28,kg,Damaged,26.13,
2026-03-02,Store B - Mall,Oranges,Fresh Produce,4.29,kg,Quality Issues,7.13,
2026-03-03,Store B - Mall,Cheese,Dairy,0.56,kg,Expired,2.76,
2026-03-03,Store B - Mall,Butter,Dairy,0.82,kg,Expired,2.92,
2026-03-03,Store B - Mall,Carrots,Fresh Produce,2.02,kg,Damaged,2.87,
2026-03-04,Store B - Mall,Bananas,Fresh Produce,10.22,kg,Quality Issues,11.12,
2026-03-04,Store B - Mall,Carrots,Fresh Produce,2.04,kg,Overstock,2.99,
2026-03-04,Store B - Mall,Yogurt,Dairy,4.76,kg,Expired,9.46,
2026-03-04,Store B - Mall,Bread,Bakery,11.9,pcs,Expired,28.63,
2026-03-05,Store B - Mall,Butter,Dairy,1.68,kg,Other,4.8,
2026-03-05,Store B - Mall,Bread,Bakery,8.02,pcs,Overstock,20.85,
2026-03-05,Store B - Mall,Lettuce,Fresh Produce,10.94,kg,Overstock,17.69,
2026-03-05,Store B - Mall,Carrots,Fresh Produce,0.45,kg,Expired,0.78,
2026-03-05,Store B - Mall,Bananas,Fresh Produce,4.13,kg,Customer Return,4.2,
2026-03-05,Store B - Mall,Milk,Dairy,11.83,kg,Quality Issues,15.02,
2026-03-06,Store B - Mall,Muffins,Bakery,4.25,pcs,Quality Issues,14.83,
2026-03-06,Store B - Mall,Bananas,Fresh Produce,9.56,kg,Customer Return,11.75,
2026-03-06,Store B - Mall,Salmon,Meat,9.69,kg,Expired,129.55,
2026-03-07,Store B - Mall,Bread,Bakery,11.92,pcs,Damaged,34.97,
2026-03-07,Store B - Mall,Lettuce,Fresh Produce,6.85,kg,Expired,11.49,
2026-03-08,Store B - Mall,Beef,Meat,4.24,kg,Overstock,49.01,
2026-03-08,Store B - Mall,Butter,Dairy,2.32,kg,Expired,7.65,
2026-03-09,Store B - Mall,Butter,Dairy,2.99,kg,Staff Error,11.5,
2026-03-09,Store B - Mall,Lettuce,Fresh Produce,3.61,kg,Other,6.84,
2026-03-09,Store B - Mall,Chicken,Meat,11.64,kg,Expired,75.9,
2026-03-09,Store B - Mall,Muffins,Bakery,8.61,pcs,Customer Return,22.48,
2026-03-09,Store B - Mall,Milk,Dairy,4.83,kg,Overstock,8.69,
2026-03-10,Store B - Mall,Bread,Bakery,6.82,pcs,Expired,20.7,
2026-03-10,Store B - Mall,Yogurt,Dairy,3.81,kg,Damaged,6.93,
2026-03-10,Store B - Mall,Chicken,Meat,9.73,kg,Quality Issues,69.01,
2026-03-10,Store B - Mall,Salmon,Meat,11.24,kg,Damaged,113.71,
2026-03-11,Store B - Mall,Chicken,Meat,9.04,kg,Quality Issues,69.14,
2026-03-11,Store B - Mall,Lettuce,Fresh Produce,10.88,kg,Staff Error,19.17,
2026-03-11,Store B - Mall,Oranges,Fresh Produce,0.99,kg,Expired,2.1,
2026-03-12,Store B - Mall,Milk,Dairy,3.16,kg,Expired,4.51,
2026-03-12,Store B - Mall,Salmon,Meat,10.16,kg,Overstock,128.99,
2026-03-12,Store B - Mall,Muffins,Bakery,8.56,pcs,Damaged,20.95,
2026-03-12,Store B - Mall,Bread,Bakery,3.61,pcs,Expired,8.35,
2026-03-13,Store B - Mall,Milk,Dairy,3.62,kg,Expired,4.94,
2026-03-13,Store B - Mall,Salmon,Meat,11.96,kg,Expired,126.94,
2026-03-13,Store B - Mall,Bananas,Fresh Produce,6.7,kg,Expired,8.23,
2026-03-13,Store B - Mall,Butter,Dairy,1.32,kg,Customer Return,5.41,
2026-03-13,Store B - Mall,Bread,Bakery,8.99,pcs,Expired,24.91,
2026-03-13,Store B - Mall,Tomatoes,Fresh Produce,4.71,kg,Quality Issues,8.41,
2026-03-14,Store B - Mall,Chicken,Meat,6.55,kg,Expired,46.47,
2026-03-14,Store B - Mall,Bread,Bakery,8.58,pcs,Overstock,21.56,
2026-03-15,Store B - Mall,Lettuce,Fresh Produce,8.0,kg,Overstock,11.61,
2026-03-15,Store B - Mall,Chicken,Meat,7.1,kg,Damaged,44.64,
2026-03-15,Store B - Mall,Carrots,Fresh Produce,2.29,kg,Expired,2.82,
2026-03-15,Store B - Mall,Salmon,Meat,9.93,kg,Customer Return,106.8,
2026-03-15,Store B - Mall,Apples,Fresh Produce,4.28,kg,Expired,11.65,
2026-03-16,Store B - Mall,Yogurt,Dairy,2.66,kg,Damaged,6.05,
2026-03-16,Store B - Mall,Butter,Dairy,0.31,kg,Expired,1.05,
2026-03-17,Store B - Mall,Muffins,Bakery,8.12,pcs,Customer Return,23.78,
2026-03-17,Store B - Mall,Chicken,Meat,7.32,kg,Damaged,46.52,
2026-03-17,Store B - Mall,Beef,Meat,4.86,kg,Customer Return,54.65,
2026-03-17,Store B - Mall,Apples,Fresh Produce,5.71,kg,Damaged,15.14,
2026-03-18,Store B - Mall,Bananas,Fresh Produce,11.47,kg,Quality Issues,15.84,
2026-03-18,Store B - Mall,Salmon,Meat,7.24,kg,Damaged,95.82,
2026-03-18,Store B - Mall,Carrots,Fresh Produce,0.49,kg,Expired,0.88,
2026-03-18,Store B - Mall,Beef,Meat,5.54,kg,Staff Error,45.7,
2026-03-18,Store B - Mall,Bread,Bakery,4.33,pcs,Customer Return,10.13,
2026-03-18,Store B - Mall,Oranges,Fresh Produce,2.98,kg,Expired,6.87,
2026-03-19,Store B - Mall,Milk,Dairy,2.68,kg,Quality Issues,4.21,
2026-03-19,Store B - Mall,Lettuce,Fresh Produce,7.81,kg,Damaged,12.9,
2026-03-19,Store B - Mall,Yogurt,Dairy,0.86,kg,Staff Error,1.66,
2026-03-20,Store B - Mall,Carrots,Fresh Produce,1.56,kg,Quality Issues,2.81,
2026-03-20,Store B - Mall,Beef,Meat,4.59,kg,Customer Return,45.95,
2026-03-20,Store B - Mall,Muffins,Bakery,5.42,pcs,Overstock,17.88,
2026-03-20,Store B - Mall,Milk,Dairy,3.89,kg,Damaged,4.93,
2026-03-20,Store B - Mall,Chicken,Meat,3.77,kg,Customer Return,24.26,
2026-03-20,Store B - Mall,Butter,Dairy,2.47,kg,Damaged,9.21,
2026-03-21,Store B - Mall,Bread,Bakery,9.66,pcs,Quality Issues,29.65,
2026-03-21,Store B - Mall,Salmon,Meat,3.93,kg,Expired,55.5,
2026-03-21,Store B - Mall,Carrots,Fresh Produce,1.75,kg,Quality Issues,2.73,
2026-03-21,Store B - Mall,Butter,Dairy,2.79,kg,Customer Return,8.83,
2026-03-21,Store B - Mall,Chicken,Meat,10.79,kg,Expired,79.01,
2026-03-21,Store B - Mall,Milk,Dairy,10.44,kg,Expired,14.35,
2026-03-22,Store B - Mall,Butter,Dairy,1.68,kg,Damaged,6.47,
2026-03-22,Store B - Mall,Bananas,Fresh Produce,7.33,kg,Quality Issues,9.65,
2026-03-22,Store B - Mall,Oranges,Fresh Produce,5.92,kg,Quality Issues,9.79,
2026-03-22,Store B - Mall,Beef,Meat,4.79,kg,Overstock,40.04,
2026-03-23,Store B - Mall,Lettuce,Fresh Produce,7.2,kg,Damaged,14.91,
2026-03-23,Store B - Mall,Cheese,Dairy,1.43,kg,Quality Issues,7.95,
2026-03-23,Store B - Mall,Oranges,Fresh Produce,2.96,kg,Damaged,5.1,
2026-03-23,Store B - Mall,Chicken,Meat,3.55,kg,Damaged,23.69,
2026-03-24,Store B - Mall,Bread,Bakery,5.26,pcs,Customer Return,13.42,
2026-03-24,Store B - Mall,Oranges,Fresh Produce,4.46,kg,Expired,10.46,
2026-03-24,Store B - Mall,Milk,Dairy,6.22,kg,Damaged,9.59,
2026-03-25,Store B - Mall,Bread,Bakery,10.85,pcs,Expired,34.66,
2026-03-25,Store B - Mall,Oranges,Fresh Produce,5.01,kg,Expired,8.59,
2026-03-25,Store B - Mall,Beef,Meat,2.43,kg,Expired,26.81,
2026-03-25,Store B - Mall,Salmon,Meat,6.79,kg,Damaged,88.81,
2026-03-25,Store B - Mall,Apples,Fresh Produce,2.11,kg,Customer Return,5.6,
2026-03-25,Store B - Mall,Tomatoes,Fresh Produce,5.14,kg,Damaged,10.22,
2026-03-26,Store B - Mall,Cheese,Dairy,4.51,kg,Overstock,18.87,
2026-03-26,Store B - Mall,Carrots,Fresh Produce,2.87,kg,Damaged,4.98,
2026-03-26,Store B - Mall,Oranges,Fresh Produce,4.11,kg,Expired,7.95,
2026-03-26,Store B - Mall,Bread,Bakery,3.56,pcs,Expired,10.83,
2026-03-26,Store B - Mall,Butter,Dairy,0.28,kg,Staff Error,0.96,
2026-03-27,Store B - Mall,Oranges,Fresh Produce,0.97,kg,Overstock,1.82,
2026-03-27,Store B - Mall,Yogurt,Dairy,3.93,kg,Overstock,6.97,
2026-03-28,Store B - Mall,Carrots,Fresh Produce,1.69,kg,Damaged,2.98,
2026-03-28,Store B - Mall,Tomatoes,Fresh Produce,10.36,kg,Quality Issues,22.92,
2026-03-28,Store B - Mall,Salmon,Meat,6.0,kg,Expired,81.26,
2026-03-28,Store B - Mall,Milk,Dairy,6.02,kg,Expired,9.42,
2026-03-28,Store B - Mall,Oranges,Fresh Produce,4.65,kg,Damaged,8.0,
2026-03-28,Store B - Mall,Butter,Dairy,2.78,kg,Expired,11.56,
2026-03-29,Store B - Mall,Yogurt,Dairy,5.53,kg,Damaged,12.39,
2026-03-29,Store B - Mall,Salmon,Meat,2.44,kg,Expired,27.59,
2026-03-30,Store B - Mall,Salmon,Meat,3.94,kg,Damaged,41.07,
2026-03-30,Store B - Mall,Apples,Fresh Produce,1.95,kg,Staff Error,5.85,
2026-03-30,Store B - Mall,Chicken,Meat,4.05,kg,Expired,28.96,
2026-03-30,Store B - Mall,Beef,Meat,2.95,kg,Expired,25.34,
2026-03-30,Store B - Mall,Yogurt,Dairy,2.84,kg,Expired,6.46,
2026-03-31,Store B - Mall,Beef,Meat,0.77,kg,Staff Error,6.59,
2026-03-31,Store B - Mall,Lettuce,Fresh Produce,10.03,kg,Expired,20.33,
2026-03-31,Store B - Mall,Yogurt,Dairy,3.71,kg,Expired,8.23,
2026-03-31,Store B - Mall,Chicken,Meat,2.57,kg,Damaged,17.98,
2026-03-31,Store B - Mall,Muffins,Bakery,9.47,pcs,Customer Return,28.0,
2026-03-31,Store B - Mall,Butter,Dairy,2.32,kg,Customer Return,8.73,
2026-04-01,Store B - Mall,Chicken,Meat,6.31,kg,Expired,53.14,
2026-04-01,Store B - Mall,Yogurt,Dairy,3.85,kg,Overstock,6.5,
2026-04-01,Store B - Mall,Milk,Dairy,1.52,kg,Quality Issues,2.32,
2026-04-02,Store B - Mall,Bananas,Fresh Produce,8.86,kg,Expired,11.46,
2026-04-02,Store B - Mall,Chicken,Meat,3.73,kg,Expired,22.73,
2026-04-02,Store B - Mall,Butter,Dairy,1.96,kg,Quality Issues,6.12,
2026-04-02,Store B - Mall,Carrots,Fresh Produce,2.42,kg,Quality Issues,3.5,
2026-04-03,Store B - Mall,Tomatoes,Fresh Produce,10.09,kg,Expired,22.32,
2026-04-03,Store B - Mall,Milk,Dairy,4.3,kg,Expired,5.99,
2026-04-03,Store B - Mall,Yogurt,Dairy,1.2,kg,Expired,2.23,
2026-04-03,Store B - Mall,Apples,Fresh Produce,2.75,kg,Damaged,6.93,
2026-04-04,Store B - Mall,Bananas,Fresh Produce,7.65,kg,Expired,8.72,
2026-04-04,Store B - Mall,Yogurt,Dairy,3.51,kg,Quality Issues,8.36,
2026-04-04,Store B - Mall,Milk,Dairy,6.68,kg,Expired,11.19,
2026-04-04,Store B - Mall,Muffins,Bakery,3.83,pcs,Damaged,13.08,
2026-04-04,Store B - Mall,Chicken,Meat,5.74,kg,Overstock,36.5,
2026-04-05,Store B - Mall,Salmon,Meat,5.43,kg,Expired,57.26,
2026-04-05,Store B - Mall,Butter,Dairy,1.58,kg,Damaged,6.19,
2026-04-05,Store B - Mall,Apples,Fresh Produce,2.21,kg,Staff Error,5.05,
2026-04-05,Store B - Mall,Cheese,Dairy,2.32,kg,Staff Error,13.18,
2026-04-05,Store B - Mall,Lettuce,Fresh Produce,4.83,kg,Damaged,9.88,
2026-04-06,Store B - Mall,Muffins,Bakery,7.43,pcs,Damaged,26.41,
2026-04-06,Store B - Mall,Carrots,Fresh Produce,0.53,kg,Quality Issues,0.68,
2026-04-06,Store B - Mall,Bananas,Fresh Produce,9.19,kg,Damaged,9.99,
2026-04-06,Store B - Mall,Milk,Dairy,7.21,kg,Customer Return,10.69,
2026-04-07,Store B - Mall,Apples,Fresh Produce,4.23,kg,Damaged,9.49,
2026-04-07,Store B - Mall,Muffins,Bakery,9.02,pcs,Expired,22.45,
2026-04-07,Store B - Mall,Cheese,Dairy,2.75,kg,Damaged,16.31,
2026-04-08,Store B - Mall,Lettuce,Fresh Produce,4.92,kg,Customer Return,10.2,
2026-04-08,Store B - Mall,Butter,Dairy,2.62,kg,Expired,10.45,
2026-04-08,Store B - Mall,Salmon,Meat,9.07,kg,Expired,108.41,
2026-04-08,Store B - Mall,Beef,Meat,4.02,kg,Staff Error,44.7,
2026-04-08,Store B - Mall,Yogurt,Dairy,2.86,kg,Overstock,5.0,
2026-04-09,Store B - Mall,Cheese,Dairy,3.84,kg,Quality Issues,19.28,
2026-04-09,Store B - Mall,Salmon,Meat,5.49,kg,Quality Issues,55.17,
2026-04-10,Store B - Mall,Butter,Dairy,1.59,kg,Quality Issues,5.08,
2026-04-10,Store B - Mall,Beef,Meat,5.17,kg,Expired,59.54,
2026-04-10,Store B - Mall,Salmon,Meat,7.18,kg,Quality Issues,85.92,
2026-04-10,Store B - Mall,Apples,Fresh Produce,3.85,kg,Staff Error,9.31,
2026-04-10,Store B - Mall,Oranges,Fresh Produce,1.71,kg,Expired,3.54,
2026-04-11,Store B - Mall,Butter,Dairy,0.52,kg,Expired,1.57,
2026-04-11,Store B - Mall,Apples,Fresh Produce,4.94,kg,Overstock,13.03,
2026-04-11,Store B - Mall,Bread,Bakery,8.23,pcs,Customer Return,21.51,
2026-04-11,Store B - Mall,Lettuce,Fresh Produce,4.88,kg,Damaged,10.5,
2026-04-11,Store B - Mall,Chicken,Meat,7.33,kg,Damaged,61.78,
2026-04-11,Store B - Mall,Yogurt,Dairy,1.48,kg,Damaged,3.13,
2026-04-12,Store B - Mall,Apples,Fresh Produce,5.48,kg,Overstock,14.32,
2026-04-12,Store B - Mall,Salmon,Meat,4.2,kg,Expired,47.86,
2026-04-12,Store B - Mall,Lettuce,Fresh Produce,4.18,kg,Quality Issues,8.19,
2026-04-13,Store B - Mall,Carrots,Fresh Produce,1.27,kg,Expired,1.58,
2026-04-13,Store B - Mall,Salmon,Meat,4.78,kg,Customer Return,47.19,
2026-04-13,Store B - Mall,Milk,Dairy,7.44,kg,Overstock,11.3,
2026-04-13,Store B - Mall,Beef,Meat,3.28,kg,Expired,26.86,
2026-04-13,Store B - Mall,Lettuce,Fresh Produce,6.87,kg,Staff Error,11.91,
2026-04-13,Store B - Mall,Butter,Dairy,1.52,kg,Other,5.91,
2026-04-14,Store B - Mall,Butter,Dairy,2.41,kg,Damaged,9.96,
2026-04-14,Store B - Mall,Lettuce,Fresh Produce,11.87,kg,Overstock,18.99,
2026-04-14,Store B - Mall,Beef,Meat,4.76,kg,Expired,49.07,
2026-04-14,Store B - Mall,Yogurt,Dairy,0.98,kg,Quality Issues,2.32,
2026-04-14,Store B - Mall,Muffins,Bakery,2.49,pcs,Quality Issues,8.55,
2026-04-15,Store B - Mall,Beef,Meat,2.66,kg,Quality Issues,26.53,
2026-04-15,Store B - Mall,Bananas,Fresh Produce,2.94,kg,Expired,3.48,
2026-04-16,Store B - Mall,Apples,Fresh Produce,0.64,kg,Quality Issues,1.75,
2026-04-16,Store B - Mall,Bananas,Fresh Produce,10.59,kg,Expired,13.23,
2026-04-17,Store B - Mall,Bread,Bakery,6.72,pcs,Staff Error,21.33,
2026-04-17,Store B - Mall,Bananas,Fresh Produce,9.1,kg,Other,11.77,
2026-04-17,Store B - Mall,Yogurt,Dairy,1.01,kg,Expired,2.28,
2026-04-17,Store B - Mall,Beef,Meat,2.48,kg,Staff Error,21.01,
2026-04-17,Store B - Mall,Chicken,Meat,3.59,kg,Quality Issues,30.67,
2026-04-18,Store B - Mall,Bananas,Fresh Produce,7.8,kg,Expired,10.29,
2026-04-18,Store B - Mall,Beef,Meat,1.2,kg,Other,10.04,
2026-04-18,Store B - Mall,Cheese,Dairy,4.27,kg,Quality Issues,19.28,
2026-04-18,Store B - Mall,Lettuce,Fresh Produce,4.18,kg,Overstock,7.92,
2026-04-18,Store B - Mall,Apples,Fresh Produce,4.46,kg,Overstock,9.7,
2026-04-18,Store B - Mall,Bread,Bakery,11.2,pcs,Expired,32.18,
2026-04-19,Store B - Mall,Salmon,Meat,3.26,kg,Expired,40.71,
2026-04-19,Store B - Mall,Chicken,Meat,5.04,kg,Quality Issues,38.14,
2026-04-20,Store B - Mall,Beef,Meat,4.3,kg,Quality Issues,40.76,
2026-04-20,Store B - Mall,Tomatoes,Fresh Produce,2.6,kg,Damaged,6.02,
2026-04-21,Store B - Mall,Bread,Bakery,7.06,pcs,Customer Return,17.89,
2026-04-21,Store B - Mall,Chicken,Meat,7.38,kg,Damaged,61.3,
2026-04-21,Store B - Mall,Butter,Dairy,2.36,kg,Expired,9.53,
2026-04-22,Store B - Mall,Salmon,Meat,6.31,kg,Other,84.35,
2026-04-22,Store B - Mall,Muffins,Bakery,8.36,pcs,Damaged,28.52,
2026-04-23,Store B - Mall,Beef,Meat,1.87,kg,Overstock,17.36,
2026-04-23,Store B - Mall,Bananas,Fresh Produce,6.31,kg,Expired,7.07,
2026-04-23,Store B - Mall,Bread,Bakery,5.46,pcs,Expired,12.47,
2026-04-24,Store B - Mall,Apples,Fresh Produce,0.62,kg,Expired,1.36,
2026-04-24,Store B - Mall,Oranges,Fresh Produce,0.77,kg,Staff Error,1.58,
2026-04-25,Store B - Mall,Cheese,Dairy,1.12,kg,Overstock,6.65,
2026-04-25,Store B - Mall,Beef,Meat,1.22,kg,Expired,12.83,
2026-04-26,Store B - Mall,Bananas,Fresh Produce,8.0,kg,Expired,10.84,
2026-04-26,Store B - Mall,Butter,Dairy,0.49,kg,Expired,1.88,
2026-04-26,Store B - Mall,Muffins,Bakery,7.95,pcs,Overstock,25.63,
2026-04-27,Store B - Mall,Beef,Meat,2.71,kg,Quality Issues,24.49,
2026-04-27,Store B - Mall,Tomatoes,Fresh Produce,9.48,kg,Expired,20.69,
2026-04-27,Store B - Mall,Butter,Dairy,2.27,kg,Overstock,6.63,
2026-04-28,Store B - Mall,Cheese,Dairy,3.19,kg,Expired,18.27,
2026-04-28,Store B - Mall,Salmon,Meat,7.16,kg,Damaged,82.39,
2026-04-28,Store B - Mall,Butter,Dairy,0.28,kg,Damaged,0.97,
2026-04-28,Store B - Mall,Milk,Dairy,5.13,kg,Overstock,7.42,
2026-04-28,Store B - Mall,Bananas,Fresh Produce,7.5,kg,Customer Return,8.51,
2026-04-28,Store B - Mall,Bread,Bakery,5.68,pcs,Customer Return,15.0,
2026-04-29,Store B - Mall,Cheese,Dairy,3.09,kg,Damaged,12.63,
2026-04-29,Store B - Mall,Muffins,Bakery,3.57,pcs,Damaged,9.37,
2026-04-29,Store B - Mall,Tomatoes,Fresh Produce,6.26,kg,Expired,11.13,
2026-04-29,Store B - Mall,Carrots,Fresh Produce,1.53,kg,Overstock,2.15,
2026-04-30,Store B - Mall,Tomatoes,Fresh Produce,11.32,kg,Staff Error,23.97,
2026-04-30,Store B - Mall,Lettuce,Fresh Produce,5.91,kg,Customer Return,10.77,
2026-04-30,Store B - Mall,Oranges,Fresh Produce,1.14,kg,Expired,1.94,
2026-05-01,Store B - Mall,Tomatoes,Fresh Produce,2.8,kg,Quality Issues,7.11,
2026-05-01,Store B - Mall,Beef,Meat,3.42,kg,Quality Issues,31.23,
2026-05-01,Store B - Mall,Bread,Bakery,7.65,pcs,Damaged,17.89,
2026-05-01,Store B - Mall,Milk,Dairy,6.62,kg,Quality Issues,8.15,
2026-05-02,Store B - Mall,Chicken,Meat,3.11,kg,Expired,19.82,
2026-05-02,Store B - Mall,Cheese,Dairy,3.02,kg,Overstock,17.08,
2026-05-02,Store B - Mall,Butter,Dairy,1.49,kg,Other,5.41,
2026-05-02,Store B - Mall,Milk,Dairy,7.85,kg,Expired,10.32,
2026-05-02,Store B - Mall,Carrots,Fresh Produce,1.81,kg,Overstock,2.39,
2026-05-02,Store B - Mall,Oranges,Fresh Produce,3.16,kg,Damaged,6.17,
2026-05-03,Store B - Mall,Carrots,Fresh Produce,2.63,kg,Quality Issues,3.32,
2026-05-03,Store B - Mall,Muffins,Bakery,2.42,pcs,Damaged,6.61,
2026-05-03,Store B - Mall,Lettuce,Fresh Produce,10.15,kg,Damaged,20.85,
2026-05-04,Store B - Mall,Butter,Dairy,2.83,kg,Damaged,8.51,
2026-05-04,Store B - Mall,Salmon,Meat,6.72,kg,Quality Issues,92.24,
2026-05-04,Store B - Mall,Bananas,Fresh Produce,6.63,kg,Quality Issues,7.15,
2026-05-04,Store B - Mall,Muffins,Bakery,3.92,pcs,Overstock,11.39,
2026-05-05,Store B - Mall,Bananas,Fresh Produce,3.49,kg,Expired,4.51,
2026-05-05,Store B - Mall,Bread,Bakery,10.44,pcs,Expired,32.88,
2026-05-05,Store B - Mall,Salmon,Meat,9.77,kg,Quality Issues,121.07,
2026-05-05,Store B - Mall,Oranges,Fresh Produce,2.44,kg,Quality Issues,4.84,
2026-05-06,Store B - Mall,Lettuce,Fresh Produce,5.82,kg,Expired,12.41,
2026-05-06,Store B - Mall,Bananas,Fresh Produce,4.04,kg,Expired,5.53,
2026-05-06,Store B - Mall,Carrots,Fresh Produce,2.87,kg,Overstock,4.15,
2026-05-06,Store B - Mall,Yogurt,Dairy,3.49,kg,Quality Issues,8.06,
2026-05-06,Store B - Mall,Cheese,Dairy,1.06,kg,Customer Return,5.55,
2026-02-06,Store C - Suburb,Chicken,Meat,9.01,kg,Expired,75.5,
2026-02-06,Store C - Suburb,Muffins,Bakery,6.56,pcs,Staff Error,19.84,
2026-02-06,Store C - Suburb,Apples,Fresh Produce,4.84,kg,Overstock,12.2,
2026-02-06,Store C - Suburb,Oranges,Fresh Produce,5.72,kg,Damaged,13.24,
2026-02-06,Store C - Suburb,Bananas,Fresh Produce,1.88,kg,Overstock,2.63,
2026-02-07,Store C - Suburb,Chicken,Meat,10.01,kg,Expired,88.2,
2026-02-07,Store C - Suburb,Carrots,Fresh Produce,0.9,kg,Expired,1.5,
2026-02-07,Store C - Suburb,Butter,Dairy,1.33,kg,Damaged,4.32,
2026-02-08,Store C - Suburb,Beef,Meat,2.78,kg,Expired,27.03,
2026-02-08,Store C - Suburb,Carrots,Fresh Produce,0.37,kg,Expired,0.54,
2026-02-08,Store C - Suburb,Oranges,Fresh Produce,4.6,kg,Damaged,9.27,
2026-02-08,Store C - Suburb,Cheese,Dairy,2.95,kg,Damaged,16.38,
2026-02-09,Store C - Suburb,Carrots,Fresh Produce,0.79,kg,Damaged,1.34,
2026-02-09,Store C - Suburb,Butter,Dairy,2.84,kg,Damaged,9.91,
2026-02-10,Store C - Suburb,Tomatoes,Fresh Produce,8.96,kg,Expired,18.32,
2026-02-10,Store C - Suburb,Muffins,Bakery,7.31,pcs,Quality Issues,24.39,
2026-02-10,Store C - Suburb,Yogurt,Dairy,1.36,kg,Expired,2.99,
2026-02-10,Store C - Suburb,Beef,Meat,1.14,kg,Damaged,11.61,
2026-02-10,Store C - Suburb,Salmon,Meat,5.06,kg,Quality Issues,49.92,
2026-02-11,Store C - Suburb,Bread,Bakery,3.62,pcs,Quality Issues,8.87,
2026-02-11,Store C - Suburb,Chicken,Meat,11.9,kg,Expired,91.15,
2026-02-11,Store C - Suburb,Lettuce,Fresh Produce,3.26,kg,Damaged,5.04,
2026-02-11,Store C - Suburb,Butter,Dairy,0.74,kg,Expired,2.08,
2026-02-12,Store C - Suburb,Apples,Fresh Produce,1.95,kg,Damaged,4.85,
2026-02-12,Store C - Suburb,Cheese,Dairy,3.63,kg,Customer Return,18.8,
2026-02-12,Store C - Suburb,Lettuce,Fresh Produce,11.78,kg,Overstock,25.35,
2026-02-12,Store C - Suburb,Milk,Dairy,7.28,kg,Overstock,11.96,
2026-02-12,Store C - Suburb,Chicken,Meat,9.42,kg,Expired,60.12,
2026-02-13,Store C - Suburb,Lettuce,Fresh Produce,3.0,kg,Damaged,4.85,
2026-02-13,Store C - Suburb,Milk,Dairy,10.21,kg,Customer Return,13.26,
2026-02-13,Store C - Suburb,Tomatoes,Fresh Produce,5.87,kg,Staff Error,13.73,
2026-02-13,Store C - Suburb,Salmon,Meat,10.62,kg,Damaged,112.64,
2026-02-14,Store C - Suburb,Beef,Meat,2.18,kg,Damaged,24.41,
2026-02-14,Store C - Suburb,Bananas,Fresh Produce,11.32,kg,Damaged,15.16,
2026-02-14,Store C - Suburb,Carrots,Fresh Produce,0.74,kg,Customer Return,1.19,
2026-02-14,Store C - Suburb,Milk,Dairy,3.1,kg,Quality Issues,5.07,
2026-02-15,Store C - Suburb,Cheese,Dairy,5.05,kg,Expired,22.3,
2026-02-15,Store C - Suburb,Butter,Dairy,2.69,kg,Overstock,9.27,
2026-02-15,Store C - Suburb,Bread,Bakery,10.74,pcs,Expired,33.81,
2026-02-16,Store C - Suburb,Chicken,Meat,11.71,kg,Quality Issues,77.8,
2026-02-16,Store C - Suburb,Yogurt,Dairy,5.58,kg,Staff Error,12.5,
2026-02-17,Store C - Suburb,Bananas,Fresh Produce,11.09,kg,Expired,13.1,
2026-02-17,Store C - Suburb,Lettuce,Fresh Produce,3.13,kg,Damaged,5.96,
2026-02-17,Store C - Suburb,Carrots,Fresh Produce,0.25,kg,Overstock,0.4,
2026-02-18,Store C - Suburb,Chicken,Meat,6.71,kg,Damaged,45.63,
2026-02-18,Store C - Suburb,Bananas,Fresh Produce,11.6,kg,Expired,12.64,
2026-02-18,Store C - Suburb,Salmon,Meat,10.02,kg,Staff Error,121.98,
2026-02-18,Store C - Suburb,Cheese,Dairy,0.6,kg,Damaged,2.67,
2026-02-19,Store C - Suburb,Beef,Meat,1.58,kg,Quality Issues,12.87,
2026-02-19,Store C - Suburb,Cheese,Dairy,1.33,kg,Expired,6.8,
2026-02-19,Store C - Suburb,Apples,Fresh Produce,3.8,kg,Damaged,9.17,
2026-02-19,Store C - Suburb,Muffins,Bakery,7.05,pcs,Expired,23.91,
2026-02-19,Store C - Suburb,Butter,Dairy,2.95,kg,Damaged,9.81,
2026-02-19,Store C - Suburb,Chicken,Meat,9.81,kg,Expired,68.3,
2026-02-20,Store C - Suburb,Butter,Dairy,1.87,kg,Expired,7.12,
2026-02-20,Store C - Suburb,Bread,Bakery,4.04,pcs,Staff Error,10.08,
2026-02-20,Store C - Suburb,Oranges,Fresh Produce,0.6,kg,Overstock,1.06,
2026-02-20,Store C - Suburb,Lettuce,Fresh Produce,8.1,kg,Expired,14.16,
2026-02-20,Store C - Suburb,Bananas,Fresh Produce,3.38,kg,Damaged,3.47,
2026-02-21,Store C - Suburb,Milk,Dairy,1.77,kg,Expired,2.63,
2026-02-21,Store C - Suburb,Oranges,Fresh Produce,2.7,kg,Other,6.03,
2026-02-21,Store C - Suburb,Muffins,Bakery,2.32,pcs,Expired,5.64,
2026-02-21,Store C - Suburb,Tomatoes,Fresh Produce,2.95,kg,Damaged,5.39,
2026-02-21,Store C - Suburb,Lettuce,Fresh Produce,2.13,kg,Expired,4.09,
2026-02-21,Store C - Suburb,Carrots,Fresh Produce,0.25,kg,Staff Error,0.36,
2026-02-22,Store C - Suburb,Bread,Bakery,4.88,pcs,Expired,14.6,
2026-02-22,Store C - Suburb,Muffins,Bakery,7.98,pcs,Overstock,28.16,
2026-02-22,Store C - Suburb,Tomatoes,Fresh Produce,6.47,kg,Customer Return,13.91,
2026-02-22,Store C - Suburb,Chicken,Meat,6.51,kg,Overstock,43.28,
2026-02-22,Store C - Suburb,Yogurt,Dairy,1.7,kg,Damaged,2.81,
2026-02-22,Store C - Suburb,Cheese,Dairy,1.8,kg,Quality Issues,8.87,
2026-02-23,Store C - Suburb,Milk,Dairy,5.36,kg,Expired,8.96,
2026-02-23,Store C - Suburb,Apples,Fresh Produce,3.45,kg,Quality Issues,8.14,
2026-02-23,Store C - Suburb,Salmon,Meat,10.63,kg,Damaged,123.34,
2026-02-23,Store C - Suburb,Carrots,Fresh Produce,1.57,kg,Overstock,2.73,
2026-02-23,Store C - Suburb,Bananas,Fresh Produce,6.31,kg,Staff Error,7.25,
2026-02-23,Store C - Suburb,Muffins,Bakery,4.91,pcs,Expired,11.91,
2026-02-24,Store C - Suburb,Bananas,Fresh Produce,9.32,kg,Staff Error,12.6,
2026-02-24,Store C - Suburb,Oranges,Fresh Produce,2.26,kg,Damaged,4.06,
2026-02-24,Store C - Suburb,Muffins,Bakery,11.2,pcs,Expired,39.67,
2026-02-24,Store C - Suburb,Cheese,Dairy,4.98,kg,Overstock,27.63,
2026-02-25,Store C - Suburb,Beef,Meat,3.11,kg,Customer Return,35.81,
2026-02-25,Store C - Suburb,Chicken,Meat,3.14,kg,Expired,22.71,
2026-02-25,Store C - Suburb,Cheese,Dairy,1.15,kg,Overstock,6.3,
2026-02-25,Store C - Suburb,Tomatoes,Fresh Produce,9.07,kg,Damaged,22.69,
2026-02-25,Store C - Suburb,Salmon,Meat,7.86,kg,Other,106.22,
2026-02-26,Store C - Suburb,Milk,Dairy,10.24,kg,Expired,14.86,
2026-02-26,Store C - Suburb,Oranges,Fresh Produce,3.05,kg,Expired,5.14,
2026-02-27,Store C - Suburb,Bread,Bakery,5.72,pcs,Quality Issues,16.51,
2026-02-27,Store C - Suburb,Carrots,Fresh Produce,1.0,kg,Other,1.76,
2026-02-27,Store C - Suburb,Oranges,Fresh Produce,1.12,kg,Quality Issues,1.86,
2026-02-27,Store C - Suburb,Bananas,Fresh Produce,11.25,kg,Overstock,11.7,
2026-02-27,Store C - Suburb,Lettuce,Fresh Produce,10.08,kg,Damaged,14.95,
2026-02-28,Store C - Suburb,Bread,Bakery,8.57,pcs,Expired,23.52,
2026-02-28,Store C - Suburb,Cheese,Dairy,5.63,kg,Quality Issues,28.8,
2026-02-28,Store C - Suburb,Carrots,Fresh Produce,1.81,kg,Customer Return,3.11,
2026-02-28,Store C - Suburb,Muffins,Bakery,2.43,pcs,Damaged,6.39,
2026-02-28,Store C - Suburb,Chicken,Meat,2.37,kg,Expired,18.56,
2026-02-28,Store C - Suburb,Yogurt,Dairy,4.87,kg,Customer Return,9.44,
2026-03-01,Store C - Suburb,Apples,Fresh Produce,1.06,kg,Other,2.26,
2026-03-01,Store C - Suburb,Cheese,Dairy,4.66,kg,Expired,23.65,
2026-03-01,Store C - Suburb,Lettuce,Fresh Produce,10.66,kg,Staff Error,17.19,
2026-03-02,Store C - Suburb,Tomatoes,Fresh Produce,1.66,kg,Damaged,3.98,
2026-03-02,Store C - Suburb,Beef,Meat,5.11,kg,Quality Issues,46.99,
2026-03-02,Store C - Suburb,Carrots,Fresh Produce,2.59,kg,Expired,3.47,
2026-03-03,Store C - Suburb,Butter,Dairy,2.09,kg,Expired,7.56,
2026-03-03,Store C - Suburb,Apples,Fresh Produce,1.2,kg,Overstock,2.74,
2026-03-03,Store C - Suburb,Tomatoes,Fresh Produce,4.74,kg,Overstock,12.26,
2026-03-04,Store C - Suburb,Cheese,Dairy,3.87,kg,Customer Return,15.7,
2026-03-04,Store C - Suburb,Oranges,Fresh Produce,0.68,kg,Expired,1.53,
2026-03-04,Store C - Suburb,Salmon,Meat,2.95,kg,Expired,36.61,
2026-03-05,Store C - Suburb,Salmon,Meat,3.47,kg,Customer Return,34.24,
2026-03-05,Store C - Suburb,Lettuce,Fresh Produce,4.47,kg,Damaged,7.16,
2026-03-05,Store C - Suburb,Beef,Meat,4.15,kg,Overstock,36.72,
2026-03-06,Store C - Suburb,Bread,Bakery,11.01,pcs,Overstock,26.37,
2026-03-06,Store C - Suburb,Bananas,Fresh Produce,2.47,kg,Quality Issues,3.33,
2026-03-06,Store C - Suburb,Apples,Fresh Produce,5.6,kg,Expired,14.12,
2026-03-07,Store C - Suburb,Yogurt,Dairy,4.78,kg,Expired,10.87,
2026-03-07,Store C - Suburb,Bananas,Fresh Produce,3.45,kg,Quality Issues,3.53,
2026-03-07,Store C - Suburb,Chicken,Meat,8.47,kg,Quality Issues,60.63,
2026-03-07,Store C - Suburb,Oranges,Fresh Produce,1.84,kg,Expired,3.38,
2026-03-07,Store C - Suburb,Carrots,Fresh Produce,1.97,kg,Expired,2.41,
2026-03-08,Store C - Suburb,Cheese,Dairy,1.47,kg,Overstock,5.95,
2026-03-08,Store C - Suburb,Milk,Dairy,11.2,kg,Quality Issues,16.15,
2026-03-09,Store C - Suburb,Salmon,Meat,7.49,kg,Expired,95.74,
2026-03-09,Store C - Suburb,Bananas,Fresh Produce,2.97,kg,Damaged,3.02,
2026-03-10,Store C - Suburb,Bananas,Fresh Produce,10.04,kg,Expired,10.1,
2026-03-10,Store C - Suburb,Bread,Bakery,4.97,pcs,Staff Error,14.99,
2026-03-10,Store C - Suburb,Beef,Meat,3.66,kg,Quality Issues,38.95,
2026-03-10,Store C - Suburb,Cheese,Dairy,4.96,kg,Overstock,28.41,
2026-03-11,Store C - Suburb,Yogurt,Dairy,1.08,kg,Damaged,2.57,
2026-03-11,Store C - Suburb,Beef,Meat,4.68,kg,Quality Issues,49.87,
2026-03-11,Store C - Suburb,Tomatoes,Fresh Produce,10.99,kg,Quality Issues,21.84,
2026-03-12,Store C - Suburb,Yogurt,Dairy,1.46,kg,Expired,3.41,
2026-03-12,Store C - Suburb,Carrots,Fresh Produce,1.16,kg,Quality Issues,1.44,
2026-03-12,Store C - Suburb,Lettuce,Fresh Produce,11.81,kg,Quality Issues,24.72,
2026-03-12,Store C - Suburb,Cheese,Dairy,3.39,kg,Overstock,16.01,
2026-03-12,Store C - Suburb,Salmon,Meat,6.04,kg,Quality Issues,59.43,
2026-03-13,Store C - Suburb,Apples,Fresh Produce,1.11,kg,Overstock,2.44,
2026-03-13,Store C - Suburb,Beef,Meat,2.51,kg,Expired,25.0,
2026-03-14,Store C - Suburb,Bread,Bakery,2.44,pcs,Expired,6.78,
2026-03-14,Store C - Suburb,Butter,Dairy,2.41,kg,Expired,6.98,
2026-03-14,Store C - Suburb,Tomatoes,Fresh Produce,11.66,kg,Staff Error,27.21,
2026-03-14,Store C - Suburb,Beef,Meat,4.25,kg,Staff Error,44.95,
2026-03-14,Store C - Suburb,Carrots,Fresh Produce,2.41,kg,Damaged,3.22,
2026-03-15,Store C - Suburb,Apples,Fresh Produce,4.72,kg,Expired,12.39,
2026-03-15,Store C - Suburb,Milk,Dairy,11.99,kg,Customer Return,20.69,
2026-03-15,Store C - Suburb,Carrots,Fresh Produce,2.11,kg,Damaged,3.39,
2026-03-15,Store C - Suburb,Bread,Bakery,4.87,pcs,Overstock,13.85,
2026-03-15,Store C - Suburb,Beef,Meat,3.49,kg,Damaged,32.85,
2026-03-15,Store C - Suburb,Salmon,Meat,4.97,kg,Expired,58.17,
2026-03-16,Store C - Suburb,Lettuce,Fresh Produce,10.46,kg,Overstock,22.0,
2026-03-16,Store C - Suburb,Carrots,Fresh Produce,2.64,kg,Overstock,3.41,
2026-03-16,Store C - Suburb,Bananas,Fresh Produce,7.26,kg,Expired,10.06,
2026-03-16,Store C - Suburb,Butter,Dairy,2.64,kg,Expired,9.87,
2026-03-16,Store C - Suburb,Muffins,Bakery,5.05,pcs,Overstock,15.84,
2026-03-17,Store C - Suburb,Cheese,Dairy,2.05,kg,Damaged,8.48,
2026-03-17,Store C - Suburb,Carrots,Fresh Produce,1.87,kg,Customer Return,2.38,
2026-03-17,Store C - Suburb,Apples,Fresh Produce,1.23,kg,Damaged,2.81,
2026-03-17,Store C - Suburb,Tomatoes,Fresh Produce,4.41,kg,Overstock,9.35,
2026-03-17,Store C - Suburb,Muffins,Bakery,10.37,pcs,Damaged,32.54,
2026-03-18,Store C - Suburb,Milk,Dairy,11.5,kg,Expired,17.47,
2026-03-18,Store C - Suburb,Tomatoes,Fresh Produce,8.18,kg,Expired,20.37,
2026-03-18,Store C - Suburb,Carrots,Fresh Produce,0.97,kg,Customer Return,1.49,
2026-03-18,Store C - Suburb,Salmon,Meat,3.1,kg,Quality Issues,32.1,
2026-03-19,Store C - Suburb,Salmon,Meat,6.09,kg,Damaged,77.93,
2026-03-19,Store C - Suburb,Beef,Meat,3.99,kg,Damaged,44.02,
2026-03-19,Store C - Suburb,Tomatoes,Fresh Produce,9.6,kg,Overstock,19.2,
2026-03-19,Store C - Suburb,Carrots,Fresh Produce,1.51,kg,Damaged,2.55,
2026-03-20,Store C - Suburb,Salmon,Meat,9.36,kg,Customer Return,97.34,
2026-03-20,Store C - Suburb,Oranges,Fresh Produce,0.72,kg,Expired,1.5,
2026-03-20,Store C - Suburb,Apples,Fresh Produce,2.82,kg,Expired,7.13,
2026-03-21,Store C - Suburb,Oranges,Fresh Produce,4.63,kg,Customer Return,9.65,
2026-03-21,Store C - Suburb,Butter,Dairy,2.54,kg,Damaged,10.14,
2026-03-22,Store C - Suburb,Oranges,Fresh Produce,2.05,kg,Expired,3.5,
2026-03-22,Store C - Suburb,Carrots,Fresh Produce,0.33,kg,Damaged,0.4,
2026-03-22,Store C - Suburb,Yogurt,Dairy,5.34,kg,Overstock,12.15,
2026-03-23,Store C - Suburb,Lettuce,Fresh Produce,8.83,kg,Expired,14.96,
2026-03-23,Store C - Suburb,Milk,Dairy,1.53,kg,Damaged,1.95,
2026-03-23,Store C - Suburb,Carrots,Fresh Produce,2.61,kg,Expired,3.52,
2026-03-23,Store C - Suburb,Butter,Dairy,0.24,kg,Other,0.89,
2026-03-23,Store C - Suburb,Muffins,Bakery,8.26,pcs,Damaged,28.43,
2026-03-24,Store C - Suburb,Bread,Bakery,2.45,pcs,Expired,6.6,
2026-03-24,Store C - Suburb,Oranges,Fresh Produce,1.36,kg,Overstock,2.71,
2026-03-24,Store C - Suburb,Carrots,Fresh Produce,1.99,kg,Damaged,2.88,
2026-03-24,Store C - Suburb,Muffins,Bakery,6.67,pcs,Customer Return,19.18,
2026-03-24,Store C - Suburb,Apples,Fresh Produce,4.03,kg,Quality Issues,10.56,
2026-03-24,Store C - Suburb,Bananas,Fresh Produce,3.87,kg,Expired,4.81,
2026-03-25,Store C - Suburb,Milk,Dairy,9.63,kg,Overstock,17.27,
2026-03-25,Store C - Suburb,Beef,Meat,4.71,kg,Damaged,50.42,
2026-03-25,Store C - Suburb,Apples,Fresh Produce,3.89,kg,Expired,9.86,
2026-03-25,Store C - Suburb,Oranges,Fresh Produce,1.62,kg,Expired,3.54,
2026-03-26,Store C - Suburb,Chicken,Meat,10.0,kg,Quality Issues,82.92,
2026-03-26,Store C - Suburb,Carrots,Fresh Produce,1.4,kg,Staff Error,2.02,
2026-03-26,Store C - Suburb,Milk,Dairy,9.83,kg,Damaged,13.18,
2026-03-27,Store C - Suburb,Milk,Dairy,4.27,kg,Damaged,5.53,
2026-03-27,Store C - Suburb,Beef,Meat,5.93,kg,Overstock,51.56,
2026-03-28,Store C - Suburb,Oranges,Fresh Produce,1.62,kg,Quality Issues,3.57,
2026-03-28,Store C - Suburb,Beef,Meat,4.65,kg,Expired,52.18,
2026-03-28,Store C - Suburb,Muffins,Bakery,6.11,pcs,Overstock,16.66,
2026-03-28,Store C - Suburb,Chicken,Meat,9.58,kg,Other,64.77,
2026-03-28,Store C - Suburb,Bread,Bakery,9.73,pcs,Overstock,24.77,
2026-03-29,Store C - Suburb,Muffins,Bakery,10.68,pcs,Overstock,35.35,
2026-03-29,Store C - Suburb,Oranges,Fresh Produce,3.82,kg,Damaged,8.47,
2026-03-29,Store C - Suburb,Tomatoes,Fresh Produce,1.84,kg,Expired,4.25,
2026-03-29,Store C - Suburb,Salmon,Meat,11.41,kg,Damaged,162.95,
2026-03-30,Store C - Suburb,Lettuce,Fresh Produce,2.05,kg,Damaged,3.3,
2026-03-30,Store C - Suburb,Muffins,Bakery,11.54,pcs,Damaged,34.47,
2026-03-30,Store C - Suburb,Cheese,Dairy,2.57,kg,Expired,12.09,
2026-03-30,Store C - Suburb,Beef,Meat,4.78,kg,Overstock,46.6,
2026-03-30,Store C - Suburb,Yogurt,Dairy,5.01,kg,Expired,11.33,
2026-03-31,Store C - Suburb,Apples,Fresh Produce,5.01,kg,Expired,12.66,
2026-03-31,Store C - Suburb,Cheese,Dairy,5.06,kg,Damaged,23.88,
2026-03-31,Store C - Suburb,Butter,Dairy,1.52,kg,Expired,5.31,
2026-04-01,Store C - Suburb,Apples,Fresh Produce,2.65,kg,Expired,5.35,
2026-04-01,Store C - Suburb,Milk,Dairy,11.18,kg,Overstock,17.76,
2026-04-02,Store C - Suburb,Oranges,Fresh Produce,3.59,kg,Expired,8.38,
2026-04-02,Store C - Suburb,Beef,Meat,3.3,kg,Expired,34.84,
2026-04-02,Store C - Suburb,Yogurt,Dairy,1.0,kg,Damaged,2.29,
2026-04-02,Store C - Suburb,Salmon,Meat,9.56,kg,Overstock,113.37,
2026-04-02,Store C - Suburb,Lettuce,Fresh Produce,6.19,kg,Expired,11.59,
2026-04-03,Store C - Suburb,Milk,Dairy,4.16,kg,Expired,6.03,
2026-04-03,Store C - Suburb,Oranges,Fresh Produce,3.12,kg,Damaged,5.49,
2026-04-03,Store C - Suburb,Apples,Fresh Produce,3.38,kg,Quality Issues,7.74,
2026-04-03,Store C - Suburb,Yogurt,Dairy,2.22,kg,Damaged,3.97,
2026-04-04,Store C - Suburb,Cheese,Dairy,2.72,kg,Damaged,16.09,
2026-04-04,Store C - Suburb,Muffins,Bakery,6.78,pcs,Other,22.48,
2026-04-04,Store C - Suburb,Tomatoes,Fresh Produce,4.27,kg,Expired,8.11,
2026-04-04,Store C - Suburb,Lettuce,Fresh Produce,9.96,kg,Expired,19.19,
2026-04-04,Store C - Suburb,Milk,Dairy,7.17,kg,Quality Issues,11.83,
2026-04-05,Store C - Suburb,Apples,Fresh Produce,4.92,kg,Overstock,12.54,
2026-04-05,Store C - Suburb,Cheese,Dairy,4.95,kg,Damaged,20.35,
2026-04-05,Store C - Suburb,Yogurt,Dairy,5.29,kg,Damaged,11.89,
2026-04-06,Store C - Suburb,Milk,Dairy,4.44,kg,Expired,6.27,
2026-04-06,Store C - Suburb,Muffins,Bakery,6.04,pcs,Overstock,19.44,
2026-04-06,Store C - Suburb,Beef,Meat,4.22,kg,Damaged,41.89,
2026-04-06,Store C - Suburb,Tomatoes,Fresh Produce,2.97,kg,Damaged,7.52,
2026-04-06,Store C - Suburb,Cheese,Dairy,3.03,kg,Staff Error,13.06,
2026-04-06,Store C - Suburb,Chicken,Meat,9.24,kg,Overstock,74.33,
2026-04-07,Store C - Suburb,Yogurt,Dairy,4.58,kg,Damaged,9.25,
2026-04-07,Store C - Suburb,Bread,Bakery,2.03,pcs,Expired,6.62,
2026-04-08,Store C - Suburb,Cheese,Dairy,4.57,kg,Staff Error,23.42,
2026-04-08,Store C - Suburb,Bananas,Fresh Produce,4.39,kg,Expired,4.78,
2026-04-08,Store C - Suburb,Muffins,Bakery,7.99,pcs,Other,19.94,
2026-04-08,Store C - Suburb,Tomatoes,Fresh Produce,5.58,kg,Overstock,12.64,
2026-04-09,Store C - Suburb,Bread,Bakery,8.95,pcs,Expired,25.02,
2026-04-09,Store C - Suburb,Yogurt,Dairy,5.77,kg,Damaged,10.33,
2026-04-09,Store C - Suburb,Chicken,Meat,11.33,kg,Expired,93.51,
2026-04-09,Store C - Suburb,Bananas,Fresh Produce,2.65,kg,Customer Return,2.77,
2026-04-09,Store C - Suburb,Milk,Dairy,5.64,kg,Staff Error,8.73,
2026-04-10,Store C - Suburb,Lettuce,Fresh Produce,1.57,kg,Expired,2.86,
2026-04-10,Store C - Suburb,Tomatoes,Fresh Produce,6.59,kg,Staff Error,16.03,
2026-04-11,Store C - Suburb,Chicken,Meat,3.71,kg,Quality Issues,29.83,
2026-04-11,Store C - Suburb,Muffins,Bakery,4.92,pcs,Damaged,13.14,
2026-04-11,Store C - Suburb,Oranges,Fresh Produce,3.6,kg,Damaged,8.28,
2026-04-11,Store C - Suburb,Yogurt,Dairy,3.41,kg,Damaged,7.5,
2026-04-11,Store C - Suburb,Cheese,Dairy,5.48,kg,Quality Issues,27.34,
2026-04-12,Store C - Suburb,Bread,Bakery,6.3,pcs,Overstock,16.18,
2026-04-12,Store C - Suburb,Yogurt,Dairy,0.98,kg,Expired,1.58,
2026-04-12,Store C - Suburb,Milk,Dairy,6.85,kg,Damaged,11.01,
2026-04-12,Store C - Suburb,Muffins,Bakery,7.96,pcs,Expired,25.54,
2026-04-13,Store C - Suburb,Salmon,Meat,11.69,kg,Expired,131.4,
2026-04-13,Store C - Suburb,Lettuce,Fresh Produce,8.19,kg,Damaged,14.04,
2026-04-14,Store C - Suburb,Oranges,Fresh Produce,3.35,kg,Customer Return,5.65,
2026-04-14,Store C - Suburb,Muffins,Bakery,6.43,pcs,Expired,15.72,
2026-04-15,Store C - Suburb,Yogurt,Dairy,1.74,kg,Overstock,3.27,
2026-04-15,Store C - Suburb,Apples,Fresh Produce,5.56,kg,Expired,13.07,
2026-04-15,Store C - Suburb,Oranges,Fresh Produce,5.62,kg,Customer Return,10.31,
2026-04-15,Store C - Suburb,Carrots,Fresh Produce,1.55,kg,Customer Return,2.48,
2026-04-16,Store C - Suburb,Carrots,Fresh Produce,1.52,kg,Overstock,2.27,
2026-04-16,Store C - Suburb,Oranges,Fresh Produce,2.22,kg,Overstock,4.35,
2026-04-16,Store C - Suburb,Butter,Dairy,2.9,kg,Damaged,11.03,
2026-04-16,Store C - Suburb,Beef,Meat,3.55,kg,Expired,35.07,
2026-04-16,Store C - Suburb,Chicken,Meat,1.81,kg,Quality Issues,14.85,
2026-04-17,Store C - Suburb,Butter,Dairy,2.89,kg,Expired,11.75,
2026-04-17,Store C - Suburb,Apples,Fresh Produce,1.33,kg,Expired,3.37,
2026-04-18,Store C - Suburb,Lettuce,Fresh Produce,8.57,kg,Overstock,16.95,
2026-04-18,Store C - Suburb,Tomatoes,Fresh Produce,8.53,kg,Quality Issues,19.2,
2026-04-18,Store C - Suburb,Beef,Meat,2.43,kg,Damaged,23.72,
2026-04-18,Store C - Suburb,Salmon,Meat,4.99,kg,Damaged,57.13,
2026-04-19,Store C - Suburb,Muffins,Bakery,10.5,pcs,Expired,29.88,
2026-04-19,Store C - Suburb,Chicken,Meat,6.3,kg,Overstock,49.8,
2026-04-19,Store C - Suburb,Oranges,Fresh Produce,4.23,kg,Quality Issues,9.98,
2026-04-19,Store C - Suburb,Lettuce,Fresh Produce,7.29,kg,Customer Return,14.77,
2026-04-19,Store C - Suburb,Bananas,Fresh Produce,5.05,kg,Quality Issues,5.13,
2026-04-19,Store C - Suburb,Bread,Bakery,3.17,pcs,Other,8.62,
2026-04-20,Store C - Suburb,Yogurt,Dairy,2.49,kg,Expired,4.14,
2026-04-20,Store C - Suburb,Muffins,Bakery,6.99,pcs,Expired,17.32,
2026-04-21,Store C - Suburb,Yogurt,Dairy,3.98,kg,Damaged,7.44,
2026-04-21,Store C - Suburb,Muffins,Bakery,4.77,pcs,Expired,12.11,
2026-04-21,Store C - Suburb,Tomatoes,Fresh Produce,6.7,kg,Expired,13.11,
2026-04-21,Store C - Suburb,Beef,Meat,1.41,kg,Quality Issues,13.82,
2026-04-21,Store C - Suburb,Milk,Dairy,7.3,kg,Overstock,10.5,
2026-04-22,Store C - Suburb,Apples,Fresh Produce,5.53,kg,Quality Issues,11.43,
2026-04-22,Store C - Suburb,Milk,Dairy,11.01,kg,Expired,13.86,
2026-04-22,Store C - Suburb,Tomatoes,Fresh Produce,3.32,kg,Staff Error,6.49,
2026-04-22,Store C - Suburb,Muffins,Bakery,9.76,pcs,Overstock,29.49,
2026-04-22,Store C - Suburb,Beef,Meat,2.51,kg,Expired,27.21,
2026-04-23,Store C - Suburb,Carrots,Fresh Produce,2.14,kg,Damaged,3.21,
2026-04-23,Store C - Suburb,Oranges,Fresh Produce,2.35,kg,Expired,3.89,
2026-04-23,Store C - Suburb,Chicken,Meat,8.71,kg,Expired,52.3,
2026-04-23,Store C - Suburb,Milk,Dairy,1.83,kg,Expired,2.82,
2026-04-24,Store C - Suburb,Chicken,Meat,7.56,kg,Overstock,64.52,
2026-04-24,Store C - Suburb,Yogurt,Dairy,5.0,kg,Quality Issues,11.38,
2026-04-24,Store C - Suburb,Beef,Meat,5.34,kg,Overstock,55.43,
2026-04-25,Store C - Suburb,Apples,Fresh Produce,2.73,kg,Expired,6.43,
2026-04-25,Store C - Suburb,Beef,Meat,3.5,kg,Damaged,34.87,
2026-04-25,Store C - Suburb,Cheese,Dairy,0.6,kg,Damaged,2.43,
2026-04-25,Store C - Suburb,Lettuce,Fresh Produce,5.75,kg,Overstock,8.8,
2026-04-25,Store C - Suburb,Chicken,Meat,11.13,kg,Overstock,74.05,
2026-04-25,Store C - Suburb,Muffins,Bakery,5.64,pcs,Expired,13.69,
2026-04-26,Store C - Suburb,Oranges,Fresh Produce,3.92,kg,Customer Return,9.08,
2026-04-26,Store C - Suburb,Beef,Meat,0.82,kg,Expired,7.86,
2026-04-26,Store C - Suburb,Carrots,Fresh Produce,1.16,kg,Damaged,1.58,
2026-04-27,Store C - Suburb,Beef,Meat,0.53,kg,Quality Issues,5.19,
2026-04-27,Store C - Suburb,Apples,Fresh Produce,4.49,kg,Customer Return,9.13,
2026-04-27,Store C - Suburb,Bread,Bakery,4.25,pcs,Expired,9.99,
2026-04-27,Store C - Suburb,Muffins,Bakery,11.43,pcs,Quality Issues,32.43,
2026-04-28,Store C - Suburb,Bread,Bakery,9.09,pcs,Expired,25.35,
2026-04-28,Store C - Suburb,Milk,Dairy,3.18,kg,Overstock,5.05,
2026-04-28,Store C - Suburb,Carrots,Fresh Produce,0.97,kg,Quality Issues,1.44,
2026-04-28,Store C - Suburb,Tomatoes,Fresh Produce,8.92,kg,Overstock,19.24,
2026-04-28,Store C - Suburb,Chicken,Meat,4.57,kg,Expired,37.65,
2026-04-29,Store C - Suburb,Tomatoes,Fresh Produce,7.21,kg,Expired,18.81,
2026-04-29,Store C - Suburb,Bananas,Fresh Produce,8.2,kg,Expired,9.62,
2026-04-29,Store C - Suburb,Carrots,Fresh Produce,0.82,kg,Damaged,1.11,
2026-04-29,Store C - Suburb,Yogurt,Dairy,5.07,kg,Overstock,11.79,
2026-04-29,Store C - Suburb,Lettuce,Fresh Produce,3.58,kg,Damaged,7.23,
2026-04-29,Store C - Suburb,Butter,Dairy,1.25,kg,Damaged,5.23,
2026-04-30,Store C - Suburb,Butter,Dairy,1.46,kg,Damaged,4.35,
2026-04-30,Store C - Suburb,Yogurt,Dairy,5.13,kg,Damaged,10.6,
2026-04-30,Store C - Suburb,Bread,Bakery,10.5,pcs,Quality Issues,25.85,
2026-04-30,Store C - Suburb,Salmon,Meat,7.99,kg,Damaged,86.68,
2026-05-01,Store C - Suburb,Apples,Fresh Produce,5.68,kg,Damaged,13.63,
2026-05-01,Store C - Suburb,Tomatoes,Fresh Produce,3.21,kg,Other,8.05,
2026-05-01,Store C - Suburb,Bread,Bakery,11.55,pcs,Damaged,28.59,
2026-05-02,Store C - Suburb,Oranges,Fresh Produce,5.59,kg,Overstock,12.35,
2026-05-02,Store C - Suburb,Salmon,Meat,3.96,kg,Quality Issues,45.74,
2026-05-02,Store C - Suburb,Milk,Dairy,2.12,kg,Damaged,2.71,
2026-05-02,Store C - Suburb,Tomatoes,Fresh Produce,10.46,kg,Quality Issues,21.06,
2026-05-02,Store C - Suburb,Butter,Dairy,1.91,kg,Damaged,5.76,
2026-05-02,Store C - Suburb,Cheese,Dairy,4.07,kg,Quality Issues,22.59,
2026-05-03,Store C - Suburb,Muffins,Bakery,2.45,pcs,Expired,6.05,
2026-05-03,Store C - Suburb,Bananas,Fresh Produce,5.0,kg,Damaged,6.47,
2026-05-03,Store C - Suburb,Chicken,Meat,4.96,kg,Expired,43.85,
2026-05-04,Store C - Suburb,Apples,Fresh Produce,5.78,kg,Damaged,12.13,
2026-05-04,Store C - Suburb,Oranges,Fresh Produce,4.5,kg,Overstock,8.07,
2026-05-04,Store C - Suburb,Bananas,Fresh Produce,4.88,kg,Damaged,5.31,
2026-05-04,Store C - Suburb,Salmon,Meat,4.53,kg,Quality Issues,59.84,
2026-05-05,Store C - Suburb,Beef,Meat,1.14,kg,Expired,9.7,
2026-05-05,Store C - Suburb,Butter,Dairy,2.25,kg,Overstock,7.72,
2026-05-05,Store C - Suburb,Chicken,Meat,6.5,kg,Quality Issues,41.37,
2026-05-05,Store C - Suburb,Muffins,Bakery,5.52,pcs,Quality Issues,17.61,
2026-05-05,Store C - Suburb,Milk,Dairy,6.07,kg,Expired,10.73,
2026-05-06,Store C - Suburb,Oranges,Fresh Produce,1.93,kg,Expired,3.5,
2026-05-06,Store C - Suburb,Chicken,Meat,5.59,kg,Damaged,44.17,
2026-05-06,Store C - Suburb,Apples,Fresh Produce,2.15,kg,Expired,5.08,
2026-05-06,Store C - Suburb,Milk,Dairy,8.71,kg,Expired,14.36,
2026-05-06,Store C - Suburb,Butter,Dairy,1.15,kg,Overstock,4.45,
2026-05-06,Store C - Suburb,Muffins,Bakery,6.86,pcs,Overstock,24.04,
2026-02-06,Store D - Airport,Cheese,Dairy,5.6,kg,Quality Issues,29.31,
2026-02-06,Store D - Airport,Apples,Fresh Produce,1.76,kg,Expired,5.03,
2026-02-07,Store D - Airport,Chicken,Meat,11.62,kg,Damaged,81.89,
2026-02-07,Store D - Airport,Tomatoes,Fresh Produce,4.55,kg,Damaged,9.3,
2026-02-07,Store D - Airport,Cheese,Dairy,0.9,kg,Expired,3.99,
2026-02-07,Store D - Airport,Bananas,Fresh Produce,10.06,kg,Expired,11.87,
2026-02-07,Store D - Airport,Milk,Dairy,8.56,kg,Expired,13.0,
2026-02-08,Store D - Airport,Yogurt,Dairy,2.75,kg,Overstock,5.56,
2026-02-08,Store D - Airport,Apples,Fresh Produce,2.17,kg,Damaged,6.14,
2026-02-08,Store D - Airport,Chicken,Meat,4.66,kg,Customer Return,41.82,
2026-02-08,Store D - Airport,Cheese,Dairy,2.19,kg,Expired,12.95,
2026-02-08,Store D - Airport,Beef,Meat,1.44,kg,Quality Issues,11.75,
2026-02-08,Store D - Airport,Muffins,Bakery,3.97,pcs,Expired,10.94,
2026-02-09,Store D - Airport,Beef,Meat,4.75,kg,Expired,53.66,
2026-02-09,Store D - Airport,Lettuce,Fresh Produce,9.1,kg,Customer Return,17.28,
2026-02-09,Store D - Airport,Bread,Bakery,11.38,pcs,Damaged,34.83,
2026-02-09,Store D - Airport,Apples,Fresh Produce,4.49,kg,Expired,13.11,
2026-02-09,Store D - Airport,Muffins,Bakery,9.68,pcs,Customer Return,27.44,
2026-02-09,Store D - Airport,Butter,Dairy,2.56,kg,Expired,10.62,
2026-02-10,Store D - Airport,Muffins,Bakery,5.32,pcs,Customer Return,18.34,
2026-02-10,Store D - Airport,Salmon,Meat,5.36,kg,Quality Issues,68.98,
2026-02-10,Store D - Airport,Beef,Meat,2.85,kg,Expired,25.2,
2026-02-10,Store D - Airport,Apples,Fresh Produce,0.85,kg,Damaged,2.16,
2026-02-11,Store D - Airport,Carrots,Fresh Produce,1.67,kg,Expired,2.87,
2026-02-11,Store D - Airport,Cheese,Dairy,4.6,kg,Quality Issues,20.57,
2026-02-11,Store D - Airport,Milk,Dairy,7.32,kg,Damaged,11.59,
2026-02-11,Store D - Airport,Salmon,Meat,9.4,kg,Expired,98.09,
2026-02-11,Store D - Airport,Apples,Fresh Produce,0.74,kg,Expired,1.66,
2026-02-11,Store D - Airport,Oranges,Fresh Produce,0.9,kg,Damaged,1.93,
2026-02-12,Store D - Airport,Salmon,Meat,6.44,kg,Staff Error,73.34,
2026-02-12,Store D - Airport,Carrots,Fresh Produce,2.89,kg,Expired,3.65,
2026-02-12,Store D - Airport,Chicken,Meat,3.15,kg,Quality Issues,23.98,
2026-02-12,Store D - Airport,Cheese,Dairy,3.7,kg,Staff Error,18.54,
2026-02-12,Store D - Airport,Milk,Dairy,2.73,kg,Overstock,3.62,
2026-02-12,Store D - Airport,Bananas,Fresh Produce,7.61,kg,Customer Return,9.05,
2026-02-13,Store D - Airport,Lettuce,Fresh Produce,1.91,kg,Overstock,3.3,
2026-02-13,Store D - Airport,Bananas,Fresh Produce,5.6,kg,Other,5.68,
2026-02-13,Store D - Airport,Salmon,Meat,3.12,kg,Customer Return,31.9,
2026-02-13,Store D - Airport,Yogurt,Dairy,5.55,kg,Overstock,11.23,
2026-02-13,Store D - Airport,Tomatoes,Fresh Produce,4.42,kg,Damaged,10.99,
2026-02-13,Store D - Airport,Milk,Dairy,2.1,kg,Quality Issues,3.56,
2026-02-14,Store D - Airport,Lettuce,Fresh Produce,10.87,kg,Expired,23.17,
2026-02-14,Store D - Airport,Chicken,Meat,2.24,kg,Expired,18.08,
2026-02-14,Store D - Airport,Carrots,Fresh Produce,0.58,kg,Expired,0.7,
2026-02-14,Store D - Airport,Apples,Fresh Produce,5.05,kg,Expired,13.29,
2026-02-14,Store D - Airport,Yogurt,Dairy,3.7,kg,Damaged,7.03,
2026-02-15,Store D - Airport,Butter,Dairy,2.25,kg,Quality Issues,9.34,
2026-02-15,Store D - Airport,Oranges,Fresh Produce,3.0,kg,Customer Return,4.9,
2026-02-15,Store D - Airport,Tomatoes,Fresh Produce,2.63,kg,Damaged,5.68,
2026-02-15,Store D - Airport,Chicken,Meat,6.1,kg,Damaged,46.45,
2026-02-16,Store D - Airport,Oranges,Fresh Produce,2.24,kg,Overstock,4.75,
2026-02-16,Store D - Airport,Salmon,Meat,10.21,kg,Expired,98.33,
2026-02-17,Store D - Airport,Beef,Meat,2.83,kg,Quality Issues,27.39,
2026-02-17,Store D - Airport,Carrots,Fresh Produce,0.6,kg,Quality Issues,0.73,
2026-02-17,Store D - Airport,Bread,Bakery,4.38,pcs,Damaged,11.96,
2026-02-17,Store D - Airport,Apples,Fresh Produce,3.91,kg,Damaged,9.35,
2026-02-18,Store D - Airport,Bread,Bakery,5.33,pcs,Overstock,14.26,
2026-02-18,Store D - Airport,Tomatoes,Fresh Produce,7.97,kg,Customer Return,19.96,
2026-02-18,Store D - Airport,Carrots,Fresh Produce,1.64,kg,Overstock,2.35,
2026-02-18,Store D - Airport,Apples,Fresh Produce,4.77,kg,Expired,9.76,
2026-02-18,Store D - Airport,Yogurt,Dairy,3.47,kg,Expired,7.57,
2026-02-19,Store D - Airport,Bread,Bakery,8.59,pcs,Damaged,28.4,
2026-02-19,Store D - Airport,Bananas,Fresh Produce,4.1,kg,Expired,3.98,
2026-02-20,Store D - Airport,Bread,Bakery,9.64,pcs,Expired,31.53,
2026-02-20,Store D - Airport,Yogurt,Dairy,3.47,kg,Overstock,5.92,
2026-02-21,Store D - Airport,Milk,Dairy,6.96,kg,Overstock,9.73,
2026-02-21,Store D - Airport,Bananas,Fresh Produce,4.36,kg,Other,4.76,
2026-02-22,Store D - Airport,Cheese,Dairy,2.82,kg,Overstock,14.68,
2026-02-22,Store D - Airport,Bananas,Fresh Produce,8.83,kg,Expired,8.67,
2026-02-22,Store D - Airport,Oranges,Fresh Produce,4.85,kg,Expired,8.98,
2026-02-23,Store D - Airport,Lettuce,Fresh Produce,4.5,kg,Overstock,7.7,
2026-02-23,Store D - Airport,Tomatoes,Fresh Produce,10.28,kg,Damaged,25.97,
2026-02-23,Store D - Airport,Beef,Meat,4.65,kg,Overstock,41.85,
2026-02-23,Store D - Airport,Oranges,Fresh Produce,1.93,kg,Other,4.52,
2026-02-23,Store D - Airport,Milk,Dairy,2.95,kg,Expired,3.73,
2026-02-23,Store D - Airport,Muffins,Bakery,3.61,pcs,Expired,12.29,
2026-02-24,Store D - Airport,Bananas,Fresh Produce,11.71,kg,Expired,13.81,
2026-02-24,Store D - Airport,Muffins,Bakery,7.06,pcs,Expired,23.14,
2026-02-25,Store D - Airport,Salmon,Meat,2.58,kg,Expired,27.71,
2026-02-25,Store D - Airport,Carrots,Fresh Produce,1.09,kg,Damaged,1.76,
2026-02-25,Store D - Airport,Bread,Bakery,5.34,pcs,Overstock,12.0,
2026-02-25,Store D - Airport,Cheese,Dairy,2.62,kg,Staff Error,14.54,
2026-02-25,Store D - Airport,Chicken,Meat,9.28,kg,Expired,69.27,
2026-02-25,Store D - Airport,Bananas,Fresh Produce,10.37,kg,Customer Return,13.49,
2026-02-26,Store D - Airport,Yogurt,Dairy,0.63,kg,Damaged,1.31,
2026-02-26,Store D - Airport,Bananas,Fresh Produce,7.76,kg,Overstock,8.29,
2026-02-26,Store D - Airport,Apples,Fresh Produce,3.36,kg,Other,8.21,
2026-02-26,Store D - Airport,Cheese,Dairy,5.31,kg,Damaged,27.86,
2026-02-26,Store D - Airport,Salmon,Meat,6.56,kg,Overstock,91.23,
2026-02-27,Store D - Airport,Lettuce,Fresh Produce,1.5,kg,Customer Return,2.95,
2026-02-27,Store D - Airport,Bread,Bakery,11.56,pcs,Expired,36.1,
2026-02-27,Store D - Airport,Milk,Dairy,9.92,kg,Customer Return,16.02,
2026-02-27,Store D - Airport,Butter,Dairy,0.59,kg,Overstock,2.15,
2026-02-27,Store D - Airport,Beef,Meat,2.34,kg,Expired,27.0,
2026-02-28,Store D - Airport,Bananas,Fresh Produce,4.7,kg,Expired,5.23,
2026-02-28,Store D - Airport,Bread,Bakery,4.57,pcs,Quality Issues,12.16,
2026-02-28,Store D - Airport,Cheese,Dairy,1.04,kg,Customer Return,4.2,
2026-02-28,Store D - Airport,Apples,Fresh Produce,0.52,kg,Damaged,1.08,
2026-02-28,Store D - Airport,Beef,Meat,1.47,kg,Other,16.72,
2026-03-01,Store D - Airport,Oranges,Fresh Produce,0.76,kg,Quality Issues,1.5,
2026-03-01,Store D - Airport,Salmon,Meat,2.53,kg,Expired,30.38,
2026-03-02,Store D - Airport,Bread,Bakery,5.03,pcs,Damaged,11.28,
2026-03-02,Store D - Airport,Apples,Fresh Produce,3.61,kg,Expired,9.38,
2026-03-03,Store D - Airport,Bananas,Fresh Produce,10.07,kg,Expired,12.24,
2026-03-03,Store D - Airport,Beef,Meat,2.96,kg,Quality Issues,28.87,
2026-03-03,Store D - Airport,Milk,Dairy,11.41,kg,Overstock,17.54,
2026-03-03,Store D - Airport,Lettuce,Fresh Produce,4.57,kg,Overstock,7.01,
2026-03-03,Store D - Airport,Apples,Fresh Produce,2.79,kg,Expired,7.45,
2026-03-03,Store D - Airport,Chicken,Meat,9.52,kg,Staff Error,63.46,
2026-03-04,Store D - Airport,Salmon,Meat,10.56,kg,Quality Issues,114.95,
2026-03-04,Store D - Airport,Butter,Dairy,2.66,kg,Overstock,10.21,
2026-03-05,Store D - Airport,Muffins,Bakery,6.87,pcs,Damaged,23.81,
2026-03-05,Store D - Airport,Lettuce,Fresh Produce,1.64,kg,Expired,2.75,
2026-03-05,Store D - Airport,Bananas,Fresh Produce,3.26,kg,Damaged,4.25,
2026-03-06,Store D - Airport,Beef,Meat,4.37,kg,Overstock,49.9,
2026-03-06,Store D - Airport,Oranges,Fresh Produce,0.68,kg,Other,1.61,
2026-03-06,Store D - Airport,Lettuce,Fresh Produce,1.74,kg,Damaged,3.01,
2026-03-06,Store D - Airport,Bananas,Fresh Produce,4.17,kg,Other,4.35,
2026-03-06,Store D - Airport,Tomatoes,Fresh Produce,4.27,kg,Expired,9.7,
2026-03-07,Store D - Airport,Beef,Meat,2.75,kg,Damaged,28.44,
2026-03-07,Store D - Airport,Muffins,Bakery,11.74,pcs,Quality Issues,37.81,
2026-03-07,Store D - Airport,Yogurt,Dairy,2.88,kg,Expired,5.85,
2026-03-07,Store D - Airport,Bread,Bakery,8.44,pcs,Overstock,24.65,
2026-03-07,Store D - Airport,Chicken,Meat,4.65,kg,Expired,29.16,
2026-03-08,Store D - Airport,Bread,Bakery,7.01,pcs,Overstock,21.14,
2026-03-08,Store D - Airport,Apples,Fresh Produce,1.39,kg,Expired,3.07,
2026-03-09,Store D - Airport,Oranges,Fresh Produce,1.71,kg,Staff Error,3.19,
2026-03-09,Store D - Airport,Apples,Fresh Produce,5.59,kg,Overstock,13.5,
2026-03-09,Store D - Airport,Beef,Meat,4.54,kg,Overstock,38.84,
2026-03-09,Store D - Airport,Yogurt,Dairy,4.37,kg,Overstock,8.97,
2026-03-09,Store D - Airport,Bread,Bakery,9.25,pcs,Overstock,24.51,
2026-03-10,Store D - Airport,Lettuce,Fresh Produce,3.7,kg,Expired,7.59,
2026-03-10,Store D - Airport,Carrots,Fresh Produce,2.17,kg,Quality Issues,3.06,
2026-03-10,Store D - Airport,Muffins,Bakery,7.98,pcs,Staff Error,21.86,
2026-03-10,Store D - Airport,Beef,Meat,0.88,kg,Expired,10.2,
2026-03-10,Store D - Airport,Tomatoes,Fresh Produce,4.46,kg,Damaged,9.95,
2026-03-10,Store D - Airport,Chicken,Meat,11.58,kg,Expired,87.59,
2026-03-11,Store D - Airport,Milk,Dairy,2.23,kg,Expired,2.95,
2026-03-11,Store D - Airport,Apples,Fresh Produce,4.89,kg,Damaged,11.76,
2026-03-11,Store D - Airport,Lettuce,Fresh Produce,8.77,kg,Staff Error,14.53,
2026-03-11,Store D - Airport,Oranges,Fresh Produce,0.87,kg,Expired,1.99,
2026-03-11,Store D - Airport,Beef,Meat,5.15,kg,Damaged,44.24,
2026-03-12,Store D - Airport,Chicken,Meat,4.99,kg,Expired,34.76,
2026-03-12,Store D - Airport,Tomatoes,Fresh Produce,8.75,kg,Other,16.86,
2026-03-13,Store D - Airport,Oranges,Fresh Produce,3.57,kg,Expired,6.47,
2026-03-13,Store D - Airport,Chicken,Meat,9.93,kg,Overstock,69.38,
2026-03-13,Store D - Airport,Butter,Dairy,1.83,kg,Expired,5.74,
2026-03-13,Store D - Airport,Yogurt,Dairy,5.06,kg,Damaged,9.21,
2026-03-14,Store D - Airport,Cheese,Dairy,1.49,kg,Expired,7.01,
2026-03-14,Store D - Airport,Chicken,Meat,2.13,kg,Expired,12.85,
2026-03-15,Store D - Airport,Lettuce,Fresh Produce,3.56,kg,Damaged,6.93,
2026-03-15,Store D - Airport,Oranges,Fresh Produce,0.68,kg,Expired,1.63,
2026-03-16,Store D - Airport,Beef,Meat,3.34,kg,Staff Error,28.65,
2026-03-16,Store D - Airport,Chicken,Meat,2.21,kg,Quality Issues,13.29,
2026-03-17,Store D - Airport,Yogurt,Dairy,3.51,kg,Overstock,6.06,
2026-03-17,Store D - Airport,Tomatoes,Fresh Produce,4.59,kg,Overstock,8.17,
2026-03-17,Store D - Airport,Apples,Fresh Produce,3.77,kg,Damaged,8.84,
2026-03-17,Store D - Airport,Chicken,Meat,5.02,kg,Quality Issues,35.87,
2026-03-18,Store D - Airport,Carrots,Fresh Produce,2.43,kg,Expired,3.45,
2026-03-18,Store D - Airport,Muffins,Bakery,6.91,pcs,Expired,22.67,
2026-03-18,Store D - Airport,Bananas,Fresh Produce,4.24,kg,Damaged,5.68,
2026-03-19,Store D - Airport,Yogurt,Dairy,0.75,kg,Customer Return,1.56,
2026-03-19,Store D - Airport,Chicken,Meat,8.13,kg,Damaged,57.87,
2026-03-19,Store D - Airport,Beef,Meat,0.76,kg,Expired,7.37,
2026-03-20,Store D - Airport,Muffins,Bakery,7.8,pcs,Expired,25.85,
2026-03-20,Store D - Airport,Bread,Bakery,6.57,pcs,Damaged,21.26,
2026-03-20,Store D - Airport,Lettuce,Fresh Produce,2.65,kg,Overstock,4.35,
2026-03-20,Store D - Airport,Chicken,Meat,1.89,kg,Damaged,12.95,
2026-03-20,Store D - Airport,Tomatoes,Fresh Produce,1.52,kg,Damaged,3.09,
2026-03-20,Store D - Airport,Apples,Fresh Produce,2.89,kg,Expired,6.94,
2026-03-21,Store D - Airport,Salmon,Meat,5.66,kg,Customer Return,71.33,
2026-03-21,Store D - Airport,Cheese,Dairy,5.91,kg,Overstock,32.2,
2026-03-21,Store D - Airport,Yogurt,Dairy,0.92,kg,Expired,1.9,
2026-03-21,Store D - Airport,Oranges,Fresh Produce,3.37,kg,Quality Issues,8.07,
2026-03-21,Store D - Airport,Butter,Dairy,0.78,kg,Damaged,3.13,
2026-03-22,Store D - Airport,Oranges,Fresh Produce,5.96,kg,Damaged,10.09,
2026-03-22,Store D - Airport,Beef,Meat,1.23,kg,Damaged,13.8,
2026-03-22,Store D - Airport,Salmon,Meat,6.25,kg,Overstock,70.74,
2026-03-23,Store D - Airport,Bread,Bakery,6.96,pcs,Expired,19.24,
2026-03-23,Store D - Airport,Oranges,Fresh Produce,2.87,kg,Overstock,5.76,
2026-03-24,Store D - Airport,Butter,Dairy,1.02,kg,Expired,2.95,
2026-03-24,Store D - Airport,Milk,Dairy,3.58,kg,Expired,6.2,
2026-03-25,Store D - Airport,Bread,Bakery,11.88,pcs,Staff Error,36.48,
2026-03-25,Store D - Airport,Lettuce,Fresh Produce,5.4,kg,Expired,11.64,
2026-03-25,Store D - Airport,Salmon,Meat,4.4,kg,Damaged,47.82,
2026-03-25,Store D - Airport,Chicken,Meat,6.71,kg,Expired,56.55,
2026-03-25,Store D - Airport,Oranges,Fresh Produce,3.28,kg,Damaged,6.2,
2026-03-25,Store D - Airport,Tomatoes,Fresh Produce,7.59,kg,Quality Issues,19.39,
2026-03-26,Store D - Airport,Butter,Dairy,2.09,kg,Damaged,7.27,
2026-03-26,Store D - Airport,Milk,Dairy,8.77,kg,Expired,14.45,
2026-03-26,Store D - Airport,Salmon,Meat,5.22,kg,Overstock,71.1,
2026-03-26,Store D - Airport,Cheese,Dairy,0.63,kg,Expired,3.23,
2026-03-26,Store D - Airport,Bread,Bakery,2.61,pcs,Expired,8.04,
2026-03-27,Store D - Airport,Chicken,Meat,11.63,kg,Damaged,80.67,
2026-03-27,Store D - Airport,Carrots,Fresh Produce,1.35,kg,Overstock,2.12,
2026-03-27,Store D - Airport,Muffins,Bakery,4.31,pcs,Expired,12.91,
2026-03-27,Store D - Airport,Apples,Fresh Produce,4.05,kg,Quality Issues,10.5,
2026-03-27,Store D - Airport,Lettuce,Fresh Produce,8.77,kg,Damaged,16.21,
2026-03-28,Store D - Airport,Beef,Meat,2.4,kg,Overstock,24.59,
2026-03-28,Store D - Airport,Tomatoes,Fresh Produce,10.46,kg,Expired,26.55,
2026-03-28,Store D - Airport,Cheese,Dairy,1.25,kg,Expired,7.16,
2026-03-29,Store D - Airport,Lettuce,Fresh Produce,5.02,kg,Quality Issues,8.04,
2026-03-29,Store D - Airport,Yogurt,Dairy,3.89,kg,Quality Issues,8.41,
2026-03-29,Store D - Airport,Tomatoes,Fresh Produce,8.4,kg,Quality Issues,18.9,
2026-03-29,Store D - Airport,Beef,Meat,5.61,kg,Expired,52.86,
2026-03-29,Store D - Airport,Chicken,Meat,9.72,kg,Expired,71.24,
2026-03-30,Store D - Airport,Oranges,Fresh Produce,1.53,kg,Expired,2.82,
2026-03-30,Store D - Airport,Milk,Dairy,4.68,kg,Expired,7.96,
2026-03-31,Store D - Airport,Muffins,Bakery,3.51,pcs,Overstock,12.6,
2026-03-31,Store D - Airport,Cheese,Dairy,4.95,kg,Expired,22.35,
2026-03-31,Store D - Airport,Oranges,Fresh Produce,1.94,kg,Staff Error,3.48,
2026-03-31,Store D - Airport,Carrots,Fresh Produce,1.63,kg,Expired,2.31,
2026-03-31,Store D - Airport,Tomatoes,Fresh Produce,5.79,kg,Expired,13.25,
2026-04-01,Store D - Airport,Milk,Dairy,6.79,kg,Damaged,9.0,
2026-04-01,Store D - Airport,Chicken,Meat,1.82,kg,Quality Issues,15.59,
2026-04-01,Store D - Airport,Apples,Fresh Produce,1.83,kg,Damaged,4.32,
2026-04-01,Store D - Airport,Bananas,Fresh Produce,8.68,kg,Expired,12.41,
2026-04-01,Store D - Airport,Cheese,Dairy,0.84,kg,Other,3.48,
2026-04-02,Store D - Airport,Butter,Dairy,2.99,kg,Damaged,8.87,
2026-04-02,Store D - Airport,Tomatoes,Fresh Produce,11.81,kg,Expired,21.54,
2026-04-02,Store D - Airport,Milk,Dairy,1.75,kg,Damaged,3.06,
2026-04-03,Store D - Airport,Oranges,Fresh Produce,1.7,kg,Overstock,3.74,
2026-04-03,Store D - Airport,Apples,Fresh Produce,3.57,kg,Expired,7.16,
2026-04-03,Store D - Airport,Bananas,Fresh Produce,9.24,kg,Overstock,10.74,
2026-04-04,Store D - Airport,Apples,Fresh Produce,3.16,kg,Damaged,8.19,
2026-04-04,Store D - Airport,Lettuce,Fresh Produce,10.96,kg,Damaged,16.31,
2026-04-04,Store D - Airport,Beef,Meat,2.4,kg,Overstock,22.4,
2026-04-04,Store D - Airport,Bread,Bakery,9.56,pcs,Expired,22.95,
2026-04-04,Store D - Airport,Yogurt,Dairy,1.77,kg,Customer Return,3.8,
2026-04-04,Store D - Airport,Oranges,Fresh Produce,3.36,kg,Expired,7.85,
2026-04-05,Store D - Airport,Cheese,Dairy,2.31,kg,Damaged,11.13,
2026-04-05,Store D - Airport,Muffins,Bakery,9.5,pcs,Damaged,25.22,
2026-04-05,Store D - Airport,Carrots,Fresh Produce,1.2,kg,Overstock,1.48,
2026-04-05,Store D - Airport,Oranges,Fresh Produce,2.38,kg,Expired,5.37,
2026-04-05,Store D - Airport,Bread,Bakery,2.73,pcs,Expired,8.52,
2026-04-06,Store D - Airport,Carrots,Fresh Produce,0.44,kg,Expired,0.77,
2026-04-06,Store D - Airport,Beef,Meat,5.06,kg,Expired,44.65,
2026-04-06,Store D - Airport,Cheese,Dairy,1.36,kg,Expired,6.0,
2026-04-06,Store D - Airport,Butter,Dairy,2.69,kg,Expired,10.85,
2026-04-06,Store D - Airport,Apples,Fresh Produce,0.73,kg,Quality Issues,1.77,
2026-04-07,Store D - Airport,Bananas,Fresh Produce,4.19,kg,Customer Return,5.54,
2026-04-07,Store D - Airport,Tomatoes,Fresh Produce,11.81,kg,Quality Issues,23.29,
2026-04-08,Store D - Airport,Bread,Bakery,4.0,pcs,Overstock,10.49,
2026-04-08,Store D - Airport,Muffins,Bakery,2.08,pcs,Staff Error,7.1,
2026-04-08,Store D - Airport,Milk,Dairy,4.69,kg,Expired,7.7,
2026-04-08,Store D - Airport,Salmon,Meat,3.82,kg,Overstock,50.96,
2026-04-09,Store D - Airport,Milk,Dairy,11.51,kg,Overstock,15.22,
2026-04-09,Store D - Airport,Apples,Fresh Produce,3.42,kg,Damaged,8.15,
2026-04-09,Store D - Airport,Bread,Bakery,7.38,pcs,Expired,18.31,
2026-04-09,Store D - Airport,Tomatoes,Fresh Produce,3.07,kg,Expired,7.17,
2026-04-09,Store D - Airport,Lettuce,Fresh Produce,11.96,kg,Overstock,25.7,
2026-04-09,Store D - Airport,Bananas,Fresh Produce,7.56,kg,Expired,10.42,
2026-04-10,Store D - Airport,Bananas,Fresh Produce,8.33,kg,Staff Error,8.53,
2026-04-10,Store D - Airport,Bread,Bakery,9.57,pcs,Expired,25.12,
2026-04-10,Store D - Airport,Apples,Fresh Produce,5.44,kg,Damaged,14.53,
2026-04-11,Store D - Airport,Tomatoes,Fresh Produce,11.15,kg,Overstock,24.34,
2026-04-11,Store D - Airport,Butter,Dairy,0.38,kg,Expired,1.57,
2026-04-11,Store D - Airport,Salmon,Meat,6.48,kg,Quality Issues,69.05,
2026-04-11,Store D - Airport,Oranges,Fresh Produce,1.8,kg,Overstock,4.14,
2026-04-12,Store D - Airport,Bananas,Fresh Produce,7.34,kg,Expired,9.29,
2026-04-12,Store D - Airport,Yogurt,Dairy,0.78,kg,Overstock,1.75,
2026-04-12,Store D - Airport,Beef,Meat,5.11,kg,Overstock,52.36,
2026-04-12,Store D - Airport,Tomatoes,Fresh Produce,4.73,kg,Damaged,8.69,
2026-04-12,Store D - Airport,Milk,Dairy,8.92,kg,Expired,12.92,
2026-04-13,Store D - Airport,Muffins,Bakery,7.67,pcs,Staff Error,24.59,
2026-04-13,Store D - Airport,Bread,Bakery,4.17,pcs,Quality Issues,9.6,
2026-04-13,Store D - Airport,Yogurt,Dairy,2.0,kg,Expired,3.92,
2026-04-13,Store D - Airport,Tomatoes,Fresh Produce,8.19,kg,Damaged,20.26,
2026-04-14,Store D - Airport,Yogurt,Dairy,2.93,kg,Damaged,5.97,
2026-04-14,Store D - Airport,Apples,Fresh Produce,2.21,kg,Customer Return,4.88,
2026-04-14,Store D - Airport,Beef,Meat,0.68,kg,Quality Issues,7.73,
2026-04-14,Store D - Airport,Muffins,Bakery,8.25,pcs,Damaged,29.45,
2026-04-14,Store D - Airport,Tomatoes,Fresh Produce,5.39,kg,Damaged,12.29,
2026-04-15,Store D - Airport,Salmon,Meat,3.06,kg,Damaged,36.78,
2026-04-15,Store D - Airport,Chicken,Meat,8.99,kg,Staff Error,72.51,
2026-04-15,Store D - Airport,Cheese,Dairy,5.93,kg,Expired,26.2,
2026-04-15,Store D - Airport,Muffins,Bakery,4.72,pcs,Quality Issues,12.38,
2026-04-16,Store D - Airport,Yogurt,Dairy,2.25,kg,Overstock,5.2,
2026-04-16,Store D - Airport,Lettuce,Fresh Produce,2.96,kg,Damaged,4.45,
2026-04-17,Store D - Airport,Lettuce,Fresh Produce,8.25,kg,Quality Issues,12.99,
2026-04-17,Store D - Airport,Carrots,Fresh Produce,2.28,kg,Overstock,2.85,
2026-04-17,Store D - Airport,Muffins,Bakery,5.12,pcs,Expired,12.84,
2026-04-17,Store D - Airport,Milk,Dairy,4.48,kg,Expired,7.8,
2026-04-18,Store D - Airport,Salmon,Meat,9.22,kg,Other,106.67,
2026-04-18,Store D - Airport,Yogurt,Dairy,3.37,kg,Overstock,7.87,
2026-04-19,Store D - Airport,Apples,Fresh Produce,3.51,kg,Overstock,7.58,
2026-04-19,Store D - Airport,Oranges,Fresh Produce,2.23,kg,Overstock,3.84,
2026-04-19,Store D - Airport,Butter,Dairy,2.58,kg,Damaged,9.34,
2026-04-19,Store D - Airport,Chicken,Meat,2.34,kg,Staff Error,20.41,
2026-04-19,Store D - Airport,Beef,Meat,1.55,kg,Overstock,17.32,
2026-04-20,Store D - Airport,Bananas,Fresh Produce,10.43,kg,Damaged,14.64,
2026-04-20,Store D - Airport,Bread,Bakery,2.0,pcs,Customer Return,6.67,
2026-04-21,Store D - Airport,Cheese,Dairy,2.34,kg,Quality Issues,11.28,
2026-04-21,Store D - Airport,Bananas,Fresh Produce,7.85,kg,Overstock,11.2,
2026-04-21,Store D - Airport,Chicken,Meat,2.99,kg,Staff Error,23.0,
2026-04-21,Store D - Airport,Bread,Bakery,10.99,pcs,Expired,32.51,
2026-04-21,Store D - Airport,Milk,Dairy,10.32,kg,Quality Issues,12.45,
2026-04-22,Store D - Airport,Butter,Dairy,2.88,kg,Overstock,8.48,
2026-04-22,Store D - Airport,Carrots,Fresh Produce,0.88,kg,Damaged,1.12,
2026-04-22,Store D - Airport,Bananas,Fresh Produce,10.4,kg,Expired,10.63,
2026-04-22,Store D - Airport,Cheese,Dairy,4.49,kg,Expired,21.64,
2026-04-23,Store D - Airport,Bananas,Fresh Produce,3.8,kg,Damaged,4.85,
2026-04-23,Store D - Airport,Beef,Meat,0.7,kg,Expired,6.39,
2026-04-23,Store D - Airport,Cheese,Dairy,1.08,kg,Expired,6.45,
2026-04-23,Store D - Airport,Chicken,Meat,6.29,kg,Damaged,42.55,
2026-04-23,Store D - Airport,Butter,Dairy,0.22,kg,Quality Issues,0.84,
2026-04-24,Store D - Airport,Bananas,Fresh Produce,2.17,kg,Expired,2.17,
2026-04-24,Store D - Airport,Oranges,Fresh Produce,5.11,kg,Customer Return,10.78,
2026-04-24,Store D - Airport,Bread,Bakery,5.55,pcs,Quality Issues,16.36,
2026-04-24,Store D - Airport,Lettuce,Fresh Produce,9.82,kg,Damaged,20.92,
2026-04-24,Store D - Airport,Apples,Fresh Produce,2.1,kg,Overstock,5.9,
2026-04-25,Store D - Airport,Beef,Meat,1.51,kg,Damaged,17.64,
2026-04-25,Store D - Airport,Apples,Fresh Produce,4.96,kg,Damaged,10.65,
2026-04-25,Store D - Airport,Carrots,Fresh Produce,1.32,kg,Expired,1.64,
2026-04-25,Store D - Airport,Chicken,Meat,11.02,kg,Damaged,69.08,
2026-04-25,Store D - Airport,Yogurt,Dairy,4.44,kg,Expired,8.51,
2026-04-25,Store D - Airport,Cheese,Dairy,1.77,kg,Expired,8.97,
2026-04-26,Store D - Airport,Chicken,Meat,11.13,kg,Quality Issues,98.72,
2026-04-26,Store D - Airport,Carrots,Fresh Produce,2.8,kg,Quality Issues,3.85,
2026-04-26,Store D - Airport,Bread,Bakery,3.33,pcs,Overstock,10.61,
2026-04-27,Store D - Airport,Carrots,Fresh Produce,2.52,kg,Overstock,4.03,
2026-04-27,Store D - Airport,Salmon,Meat,1.99,kg,Damaged,19.43,
2026-04-28,Store D - Airport,Bananas,Fresh Produce,2.0,kg,Customer Return,2.35,
2026-04-28,Store D - Airport,Lettuce,Fresh Produce,8.85,kg,Expired,18.14,
2026-04-29,Store D - Airport,Milk,Dairy,9.97,kg,Expired,17.48,
2026-04-29,Store D - Airport,Cheese,Dairy,2.45,kg,Expired,11.33,
2026-04-29,Store D - Airport,Bread,Bakery,5.26,pcs,Expired,16.75,
2026-04-29,Store D - Airport,Yogurt,Dairy,3.59,kg,Staff Error,5.99,
2026-04-29,Store D - Airport,Muffins,Bakery,7.95,pcs,Expired,23.46,
2026-04-29,Store D - Airport,Salmon,Meat,5.52,kg,Overstock,72.74,
2026-04-30,Store D - Airport,Chicken,Meat,5.9,kg,Expired,47.38,
2026-04-30,Store D - Airport,Tomatoes,Fresh Produce,6.94,kg,Quality Issues,18.21,
2026-05-01,Store D - Airport,Salmon,Meat,10.28,kg,Damaged,133.68,
2026-05-01,Store D - Airport,Milk,Dairy,8.88,kg,Customer Return,14.71,
2026-05-01,Store D - Airport,Beef,Meat,5.04,kg,Expired,59.94,
2026-05-01,Store D - Airport,Muffins,Bakery,8.45,pcs,Quality Issues,28.99,
2026-05-02,Store D - Airport,Muffins,Bakery,10.28,pcs,Staff Error,34.0,
2026-05-02,Store D - Airport,Bananas,Fresh Produce,6.56,kg,Expired,7.95,
2026-05-03,Store D - Airport,Cheese,Dairy,3.62,kg,Damaged,18.09,
2026-05-03,Store D - Airport,Yogurt,Dairy,5.63,kg,Overstock,10.04,
2026-05-04,Store D - Airport,Butter,Dairy,0.95,kg,Damaged,3.25,
2026-05-04,Store D - Airport,Bananas,Fresh Produce,6.4,kg,Overstock,8.24,
2026-05-04,Store D - Airport,Yogurt,Dairy,1.29,kg,Expired,2.86,
2026-05-04,Store D - Airport,Apples,Fresh Produce,5.49,kg,Expired,11.38,
2026-05-05,Store D - Airport,Salmon,Meat,10.2,kg,Expired,102.94,
2026-05-05,Store D - Airport,Butter,Dairy,2.94,kg,Expired,10.45,
2026-05-05,Store D - Airport,Lettuce,Fresh Produce,3.98,kg,Overstock,8.14,
2026-05-06,Store D - Airport,Muffins,Bakery,7.75,pcs,Overstock,20.47,
2026-05-06,Store D - Airport,Bread,Bakery,9.5,pcs,Overstock,21.38,
